shop,gtin,reason
sainsburys,00280815,"Open Food Facts calls it Whole Scottish Porridge Oats but the shop's page for this barcode is a Vegetable Lasagne ready meal: the picture would contradict the name shown"
sainsburys,00381062,"Open Food Facts calls it Coockies but the shop's page for this barcode is Cherry Tomatoes 500g"
sainsburys,00445382,"Open Food Facts calls it a Gullon sandwich biscuit but the shop's page for this barcode is Fresh Packed Lemongrass Sticks"
sainsburys,00576307,"Open Food Facts calls it Whey Protein but the shop's page for this barcode is Cheese Sauce 350g"
sainsburys,01538205,"Open Food Facts calls it Sausage Casserole but the shop's page for this barcode is Petits Pois & Ham Soup"
sainsburys,00374538,"photo carries a New Recipe sticker: the recipe changed, so our numbers and allergens may not match the pack shown"
sainsburys,00374491,"photo carries a New Recipe sticker: the recipe changed, so our numbers and allergens may not match the pack shown"
sainsburys,00374507,"photo carries a New Recipe sticker: the recipe changed, so our numbers and allergens may not match the pack shown"
sainsburys,01841411,"photo carries a New Recipe sticker: the recipe changed, so our numbers and allergens may not match the pack shown"
sainsburys,00181969,"photo carries a New Recipe sticker: the recipe changed, so our numbers and allergens may not match the pack shown"
sainsburys,00505697,"photo carries an Allergy update sticker (see back of pack): it could contradict our allergen table"
sainsburys,7394376665189,"Open Food Facts names it Shake the Original Oat Drink but the shop's page for this barcode is Oatly Chocolate Deluxe: the picture would contradict the name shown"
