item,code,verdict,evidence
double-bratwurst-mash-potato-sauerkraut-braised-red-cabbage-vegan-available,vegan-contains-animal,ok,"The words '(Vegan available)' say a vegan version can be asked for, not that this listed dish is vegan: it is a bratwurst dish with buttered mash. Source prints at 3 pubs (architectbath, hand, queensarms daily menus) the same line, mark (gf) at 3 of 3 printed copies, no vg/v mark, hand/daily-menu section 'Mains': Contains: celery, milk, sulphites; May contain: mustard, soya."
apple-and-cinnamon-pie-vanilla-custard,name-implies-eggs,ok,"Custard is egg-free throughout this chain's data: eggs are marked only on puddings that also have a sponge or are baked custard (Banana walnut sponge, Lemon drizzle sponge, Creme brulee), never on custard served with a crumble or pie (Apple and date crumble, Blackberry and apple crumble, Pear blackberry hazelnut crumble all 'Contains: Milk' (and nuts) only). Printed at 4 pubs, marks (gf) at 8 of 8 printed copies, (v) at 8 of 8 printed copies; arrowmill/daily-menu section 'Puddings and Cheese': Contains: milk; May contain: celery, mustard, nuts, peanuts, sesame, soya, sulphites."
apple-and-cinnamon-pie-vanilla-custard,name-implies-gluten,ok,"The chain itself marks this dish gluten free: (gf) at 8 of 8 printed copies, (v) at 8 of 8 printed copies at 4 pubs, so no gluten in 'Contains' is consistent with its own mark ('pie' is the word that tripped the check). Printed at arrowmill/daily-menu section 'Puddings and Cheese': Contains: milk; May contain: celery, mustard, nuts, peanuts, sesame, soya, sulphites."
apple-and-date-crumble-cinnamon-custard,name-implies-gluten,ok,"The chain itself marks this dish gluten free: (gf) at 11 of 11 printed copies, (v) at 11 of 11 printed copies at 6 pubs, so no gluten in 'Contains' is consistent with its own mark ('crumb' is the word that tripped the check). Printed at dysart/daily-menu section 'Puddings and Cheese': Contains: milk; May contain: eggs, soya, sulphites."
applebys-cheshire-cheese-onion-and-potato-pie-buttered-greens-carrot-puree-gravy,name-implies-gluten,ok,"The chain itself marks this dish gluten free: (gf) at 4 of 4 printed copies, (v) at 4 of 4 printed copies at 4 pubs, so no gluten in 'Contains' is consistent with its own mark ('pie' is the word that tripped the check). Printed at glasfryn/daily-menu section 'Mains': Contains: celery, milk, sulphites; May contain: mustard."
applebys-cheshire-cheese-onion-and-potato-pie-buttered-greens-redcurrant-gravy,name-implies-gluten,ok,"The chain itself marks this dish gluten free: (gf) at 33 of 33 printed copies, (v) at 33 of 33 printed copies at 25 pubs, so no gluten in 'Contains' is consistent with its own mark ('pie' is the word that tripped the check). Printed at rakehall/daily-menu section 'Mains': Contains: milk, sulphites; May contain: mustard."
applebys-cheshire-cheese-onion-and-potato-pie-buttered-greens-roast-potatoes,name-implies-gluten,ok,"The chain itself marks this dish gluten free: (gf) at 16 of 16 printed copies, (v) at 16 of 16 printed copies at 16 pubs, so no gluten in 'Contains' is consistent with its own mark ('pie' is the word that tripped the check). Printed at architect/sunday-menu section 'Sunday Roasts': Contains: celery, milk, sulphites; May contain: mustard."
applebys-cheshire-cheese-onion-and-potato-pie-green-vegetables-white-wine-mustard-sauce,name-implies-gluten,ok,"The chain itself marks this dish gluten free: (gf) at 9 of 9 printed copies, (v) at 9 of 9 printed copies at 7 pubs, so no gluten in 'Contains' is consistent with its own mark ('pie' is the word that tripped the check). Printed at redfox/daily-menu section 'Mains': Contains: celery, milk, mustard, sulphites; May contain: -."
beer-battered-fish-goujons-chips-and-peas-childrens,name-implies-gluten,ok,"The chain itself marks this dish gluten free: (gf) at 14 of 14 printed copies at 13 pubs, so no gluten in 'Contains' is consistent with its own mark ('Beer battered' is the word that tripped the check). Printed at grosvenorarms/childrens-menu section 'Mains': Contains: fish; May contain: celery, mustard."
beer-battered-fish-goujons-chips-peas-childrens,name-implies-gluten,ok,"The chain itself marks this dish gluten free: (gf) at 27 of 27 printed copies at 23 pubs, so no gluten in 'Contains' is consistent with its own mark ('Beer battered' is the word that tripped the check). Printed at architect/childrens-menu section 'Mains': Contains: fish; May contain: celery, mustard."
blackberry-and-apple-crumble-vanilla-custard,name-implies-gluten,ok,"The chain itself marks this dish gluten free: (gf) at 9 of 9 printed copies, (v) at 9 of 9 printed copies at 4 pubs, so no gluten in 'Contains' is consistent with its own mark ('crumb' is the word that tripped the check). Printed at pantyrochain/daily-menu section 'Puddings and Cheese': Contains: milk; May contain: celery, eggs, mustard, nuts, peanuts, sesame, soya, sulphites."
braised-shoulder-of-lamb-minted-potato-cake-rosemary-gravy,name-implies-gluten,ok,"The chain itself marks this dish gluten free: (gf) at 7 of 7 printed copies at 7 pubs, so no gluten in 'Contains' is consistent with its own mark ('cake' is the word that tripped the check). Printed at morrisdancer/daily-menu section 'Mains': Contains: celery, milk, soya, sulphites; May contain: -."
buttercross-red-onion-marmalade-sausages-bubble-and-squeak-cake-buttered-greens-onion-gravy,name-implies-gluten,ok,"The chain itself marks this dish gluten free: (gf) at 8 of 8 printed copies at 6 pubs, so no gluten in 'Contains' is consistent with its own mark ('cake' is the word that tripped the check). Printed at littlemanor/daily-menu section 'Mains': Contains: celery, milk, sulphites; May contain: eggs, mustard, soya."
cauliflower-cheese-bacon-crumb-truffle,name-implies-gluten,ok,"The chain itself marks this dish gluten free: (gf) at 4 of 4 printed copies at 4 pubs, so no gluten in 'Contains' is consistent with its own mark ('crumb' is the word that tripped the check). Printed at combermere/sunday-menu section 'Sides': Contains: milk, mustard; May contain: -."
chicken-and-ham-pie-chips-peas-childrens,name-implies-gluten,ok,"The chain itself marks this dish gluten free: (gf) at 6 of 6 printed copies at 5 pubs, so no gluten in 'Contains' is consistent with its own mark ('pie' is the word that tripped the check). Printed at grosvenorarms/childrens-menu section 'Mains': Contains: celery, milk, sulphites; May contain: mustard."
chicken-ham-and-leek-pie-buttered-mash-green-vegetables-gravy,name-implies-gluten,ok,"The chain itself marks this dish gluten free: (gf) at 8 of 8 printed copies at 7 pubs, so no gluten in 'Contains' is consistent with its own mark ('pie' is the word that tripped the check). Printed at woodbridge/daily-menu section 'Mains': Contains: celery, milk, sulphites; May contain: mustard."
chicken-schnitzel-fries-sauerkraut-and-pickles,name-implies-gluten,ok,"The chain itself marks this dish gluten free: (gf) at 3 of 3 printed copies at 3 pubs, so no gluten in 'Contains' is consistent with its own mark ('schnitzel' is the word that tripped the check). Printed at hand/daily-menu section 'Mains': Contains: eggs, milk, sulphites; May contain: -."
chocolate-brownie-vanilla-ice-cream-childrens,name-implies-gluten,ok,"The chain itself marks this dish gluten free: (gf) at 93 of 93 printed copies, (v) at 93 of 93 printed copies at 74 pubs, so no gluten in 'Contains' is consistent with its own mark ('brownie' is the word that tripped the check). Printed at rakehall/childrens-menu section 'Puddings': Contains: eggs, milk, soya; May contain: nuts, peanuts."
coq-au-vin-pie-green-vegetables-buttered-mash-red-wine-gravy,name-implies-gluten,ok,"The chain itself marks this dish gluten free: (gf) at 37 of 37 printed copies at 21 pubs, so no gluten in 'Contains' is consistent with its own mark ('pie' is the word that tripped the check). Printed at architect/daily-menu section 'Mains': Contains: celery, milk, sulphites; May contain: mustard."
fish-fingers-chips-and-peas-childrens,name-implies-gluten,ok,"The chain itself marks this dish gluten free: (gf) at 14 of 14 printed copies at 12 pubs, so no gluten in 'Contains' is consistent with its own mark ('Fish finger' is the word that tripped the check). Printed at littlemanor/childrens-menu section 'Mains': Contains: eggs, fish, milk; May contain: -."
fish-pie-salmon-hake-smoked-haddock-king-prawns-boiled-egg-french-style-peas,name-implies-gluten,ok,"The chain itself marks this dish gluten free: (gf) at 6 of 6 printed copies at 5 pubs, so no gluten in 'Contains' is consistent with its own mark ('pie' is the word that tripped the check). Printed at dysart/daily-menu section 'Mains': Contains: celery, crustaceans, eggs, fish, milk, soya, sulphites; May contain: -."
half-roast-chicken-sage-and-apple-stuffing-sausage-wrapped-in-bacon,name-implies-gluten,ok,"The chain itself marks this dish gluten free: (gf) at 11 of 11 printed copies at 11 pubs, so no gluten in 'Contains' is consistent with its own mark ('stuffing' is the word that tripped the check). Printed at redfox/sunday-menu section 'Sunday Roasts': Contains: celery, milk, sulphites; May contain: mustard, soya."
minced-beef-ale-and-potato-pie-green-vegetables-buttered-mash-red-wine-gravy,name-implies-gluten,ok,"The chain itself marks this dish gluten free: (gf) at 24 of 24 printed copies at 16 pubs, so no gluten in 'Contains' is consistent with its own mark ('pie' is the word that tripped the check). Printed at glasfryn/daily-menu section 'Mains': Contains: celery, milk, sulphites; May contain: mustard."
mushroom-celeriac-and-ale-pie-baby-potatoes-sauteed-greens-red-wine-and-redcurrant-gravy,name-implies-gluten,ok,"The chain itself marks this dish gluten free: (gf) at 6 of 6 printed copies, (vg) at 6 of 6 printed copies at 6 pubs, so no gluten in 'Contains' is consistent with its own mark ('pie' is the word that tripped the check). Printed at haightonmanor/daily-menu section 'Mains': Contains: sulphites; May contain: celery, milk, mustard."
mushroom-celeriac-and-ale-pie-hasselback-potatoes-cranberry-red-wine-gravy-greens,name-implies-gluten,ok,"The chain itself marks this dish gluten free: (gf) at 12 of 12 printed copies, (vg) at 12 of 12 printed copies at 10 pubs, so no gluten in 'Contains' is consistent with its own mark ('pie' is the word that tripped the check). Printed at suttonhall/sunday-menu section 'Mains': Contains: celery, sulphites; May contain: eggs, milk, mustard, nuts, peanuts, sesame, soya."
mushroom-celeriac-and-ale-pie-red-wine-redcurrant-gravy-mash-sauteed-greens,name-implies-gluten,ok,"The chain itself marks this dish gluten free: (gf) at 3 of 3 printed copies, (vg) at 3 of 3 printed copies at 3 pubs, so no gluten in 'Contains' is consistent with its own mark ('pie' is the word that tripped the check). Printed at combermere/daily-menu section 'Mains': Contains: sulphites; May contain: celery, milk, mustard."
mushroom-celeriac-and-ale-pie-red-wine-redcurrant-gravy-roast-potatoes-sauteed-greens,name-implies-gluten,ok,"The chain itself marks this dish gluten free: (gf) at 10 of 10 printed copies, (vg) at 10 of 10 printed copies at 10 pubs, so no gluten in 'Contains' is consistent with its own mark ('pie' is the word that tripped the check). Printed at redfox/sunday-menu section 'Sunday Roasts': Contains: sulphites; May contain: celery, milk, mustard."
pear-blackberry-and-hazelnut-crumble-honey-custard,name-implies-gluten,ok,"The chain itself marks this dish gluten free: (gf) at 6 of 6 printed copies, (v) at 6 of 6 printed copies at 4 pubs, so no gluten in 'Contains' is consistent with its own mark ('crumb' is the word that tripped the check). Printed at innatshipley/daily-menu section 'Puddings': Contains: milk, nuts; May contain: celery, eggs, mustard, peanuts, sesame, soya, sulphites."
plum-fool-with-candied-orange-and-toasted-granola,name-implies-gluten,ok,"The chain itself marks this dish gluten free: (gf) at 15 of 15 printed copies, (vg) at 15 of 15 printed copies at 7 pubs, so no gluten in 'Contains' is consistent with its own mark ('toast' is the word that tripped the check). Printed at rakehall/daily-menu section 'Puddings': Contains: -; May contain: eggs, milk, nuts."
pork-and-apple-stuffing,name-implies-gluten,ok,"The chain itself marks this dish gluten free: (gf) at 35 of 35 printed copies at 35 pubs, so no gluten in 'Contains' is consistent with its own mark ('stuffing' is the word that tripped the check). Printed at glasfryn/sunday-menu section 'Sunday Roasts': Contains: sulphites; May contain: celery, milk, mustard, soya."
roast-chicken-sage-and-apple-stuffing-sausage-wrapped-in-bacon,name-implies-gluten,ok,"The chain itself marks this dish gluten free: (gf) at 26 of 26 printed copies at 26 pubs, so no gluten in 'Contains' is consistent with its own mark ('stuffing' is the word that tripped the check). Printed at architect/sunday-menu section 'Sunday Roasts': Contains: celery, milk, sulphites; May contain: mustard, soya."
roast-pork-belly-pork-and-apple-stuffing-crackling-apple-sauce-childrens,name-implies-gluten,ok,"The chain itself marks this dish gluten free: (gf) at 4 of 4 printed copies at 3 pubs, so no gluten in 'Contains' is consistent with its own mark ('stuffing' is the word that tripped the check). Printed at redlion/the-red-lion-sunday-childrens-menu section 'Mains': Contains: celery, milk, sulphites; May contain: mustard, soya."
sage-and-apricot-pork-pie-piccalilli,name-implies-gluten,ok,"The chain itself marks this dish gluten free: (gf) at 4 of 4 printed copies at 3 pubs, so no gluten in 'Contains' is consistent with its own mark ('pie' is the word that tripped the check). Printed at suttonhall/sunday-menu section 'Starters and Nibbles': Contains: mustard, sulphites; May contain: milk."
slow-roasted-duck-leg-chorizo-butterbean-stew-cavolo-nero-herb-crumb,name-implies-gluten,ok,"The chain itself marks this dish gluten free: (gf) at 5 of 5 printed copies at 5 pubs, so no gluten in 'Contains' is consistent with its own mark ('crumb' is the word that tripped the check). Printed at globe/daily-menu section 'Mains': Contains: celery, milk, sulphites; May contain: soya."
spiced-apple-plum-and-port-crumble-tart-apple-sorbet-red-wine-syrup,name-implies-gluten,ok,"The chain itself marks this dish gluten free: (gf) at 14 of 14 printed copies, (vg) at 14 of 14 printed copies at 7 pubs, so no gluten in 'Contains' is consistent with its own mark ('crumb' is the word that tripped the check). Printed at harkers/daily-menu section 'Puddings and Cheese': Contains: sulphites; May contain: eggs, milk, nuts, peanuts."
spiced-apple-plum-and-port-crumble-tart-bramley-apple-sorbet-mulled-wine-syrup,name-implies-gluten,ok,"The chain itself marks this dish gluten free: (gf) at 10 of 10 printed copies, (vg) at 10 of 10 printed copies at 5 pubs, so no gluten in 'Contains' is consistent with its own mark ('crumb' is the word that tripped the check). Printed at worsleyoldhall/daily-menu section 'Puddings and Cheese': Contains: sulphites; May contain: celery, eggs, milk, mustard, nuts, peanuts, sesame, soya."
triple-chocolate-brownie-chocolate-sauce-vanilla-ice-cream,name-implies-gluten,ok,"The chain itself marks this dish gluten free: (gf) at 173 of 173 printed copies, (v) at 173 of 173 printed copies at 76 pubs, so no gluten in 'Contains' is consistent with its own mark ('brownie' is the word that tripped the check). Printed at rakehall/daily-menu section 'Puddings': Contains: eggs, milk, soya; May contain: nuts, peanuts."
spicy-butterbean-red-pepper-and-smoky-tomato-hotpot-wilted-greens-roast-parsnip,name-implies-milk,ok,"'butter' is the word 'butterbean' (a vegan butterbean hotpot, mark (vg) at 11 of 11 printed copies); nothing dairy in the name. Printed at 6 pubs; morrisdancer/daily-menu section 'Mains': Contains: celery; May contain: gluten, mustard, sesame, sulphites."
soy-chilli-oyster-mushrooms-sesame,name-implies-molluscs,ok,"'oyster' is oyster mushrooms (mark (vg) at 34 of 34 printed copies: vegan), not an oyster. Printed at 19 pubs; dysart/daily-menu section 'Starters and Nibbles': Contains: sesame, soya; May contain: gluten, sulphites."
