batch,id,name,cuisine,parent_hint,site,info_url,info_kind,notes
,chozen,Chozen,Asian noodles and sushi,Chopstix Noodle Bar,https://chozen.co.uk,https://chozen.co.uk/wp-content/uploads/2021/08/Chozen-Noodle-Nutritional-Information-082018.pdf,pdf,"full macros per dish in PDF dated 08/2018 plus allergen PDF Feb 2022; motorway and travel units; old, ask chain to confirm"
,westmorland-services,Westmorland Services (Tebay and Gloucester),Motorway services kitchens,Westmorland Family,https://westmorlandfamily.com,https://tebayservices.mysaffronportal.com/,platform:saffron,allergens and nutrition per dish; one portal per site (6 portals); about 5-6 sites
,le-pain-quotidien,Le Pain Quotidien UK,Bakery cafe,Le Pain Quotidien,https://www.lepainquotidien.com/uk/en,https://www.lepainquotidien.com/uk/en/allergen-statement,pdf,allergen matrix PDF spring 2026; no kcal seen on menu page
,phat-pasty-co,Phat Pasty Co,Pasties and pies,Phat Pasty Co,https://www.phatpasty.com,https://www.phatpasty.com/phat-nutritionals,pdf,"nutrition summary PDF (SharePoint link); supplier brand with motorway units, confirm 5+ own sites"
,real-greek,The Real Greek,Greek,Fulham Shore,https://www.therealgreek.com,https://www.therealgreek.com/wp-content/uploads/2026/03/TRG–Allergen–Menu-Spring–26.pdf,pdf,"macronutrient allergen menu PDF: kcal, protein, carbs, fat, sugars, sat fat per dish"
,coppa-club,Coppa Club,Bar-restaurant,Coppa Collective,https://www.coppaclub.co.uk,https://coppa.cdn.prismic.io/coppa/YveUqQeuQg5FcN5L_Coppa_Club_Nutritional_Information_Summer_2026.pdf,pdf,"nutritional information PDF: kcal, carbs, protein, fat per dish; allergen PDFs on /allergens"
,social-pub-and-kitchen,Social Pub & Kitchen,Pub,Stonegate,https://www.socialpubandkitchen.co.uk,https://www.tkmenus.com/socialpubkitchen,platform:tkmenus,"per-dish kcal, protein, carbs, fat, sugars, salt (Main Menu April 2026); about 127 pubs; also /food-allergens page"
,tank-and-paddle,Tank & Paddle,Pub,Stonegate,https://www.tankandpaddle.co.uk,https://www.tkmenus.com/tankandpaddle,platform:tkmenus,"per-dish kcal, protein, carbs, fat (Main Menu Feb 2025); Stonegate brand"
,drake-and-morgan,Drake & Morgan,Bar-restaurant,,https://www.drakeandmorgan.co.uk,https://www.drakeandmorgan.co.uk/sample-menus/,web,menu page with calorie counter and allergen filters; 17-23 bar-restaurants
,wildwood,Wildwood,Italian,,https://wildwoodrestaurants.co.uk,https://wildwoodrestaurants.co.uk/allergens/,web,page titled Allergen & Calorie Information with a per-restaurant picker (about 30 restaurants)
,megans,Megan's,Bar-restaurant,,https://megans.co.uk,https://megans.co.uk/allergy-information/,web,menus page link reads allergen & calorie guide
,orleans-smokehouse,Orleans Smokehouse,BBQ restaurant,Mitchells & Butlers,https://www.orleanssmokehouse.co.uk,https://www.orleanssmokehouse.co.uk/security/allergens,platform:mbplc-safe2eat,Allergen and Nutrition Information page on M&B platform
,farmhouse-inns,Farmhouse Inns,Pub,Greene King,https://www.farmhouseinns.co.uk,https://www.farmhouseinns.co.uk/allergens,web,page titled Allergens and Nutritional Information (Greene King app platform)
,topgolf-uk,Topgolf UK,Leisure bar-restaurant,Topgolf Entertainment,https://topgolf.com/uk/,https://topgolf.com/uk/menu/,web,UK menu page titled Food and Drink Menu & Nutritional Info; about 8 UK venues; figures not inspected
,fuzzy-eds,Fuzzy Ed's,Tex-Mex,Mitchells & Butlers,https://www.fuzzyeds.co.uk,https://www.fuzzyeds.co.uk/allergensandnutrition,web,M&B brand; footer Allergen Guide page titled Allergens & Nutrition; per-restaurant detail on each restaurant site
,brasserie-blanc,Brasserie Blanc,French brasserie,,https://brasserieblanc.com,https://brasserieblanc.com/faqs/,web,FAQ says each location menu has an allergen filter; no group nutrition file seen
,bone-daddies,Bone Daddies,Ramen,,https://bonedaddies.com,https://bonedaddies.com/menus/,web,per-dish allergens printed on menu page; no calories seen
,butlins,Butlin's,Holiday resort,Bourne Leisure,https://www.butlins.com,https://www.butlins.com/discover-butlins/food-and-drink/restaurants,platform:viewthe.menu,per-dish kcal and macros on viewthe.menu pages (checked The Diner); 3 resorts
,buzz-bingo,Buzz Bingo,Bingo club food,Buzz Bingo,https://www.buzzbingo.com,https://www.buzzbingo.com/library/Clubs/food-and-drink/kcal-info-june25.pdf,pdf,kcal per dish PDF (also per-club sheets); no allergen matrix online; about 60 clubs
,places-leisure,Places Leisure cafes,Leisure centre cafe,Places for People,https://www.placesleisure.org,https://www.placesleisure.org/media/dgthlodd/allergen-calories-cafeology-unlabelled-food-july-2025.pdf,pdf,"calorie and allergen charts per cafe range (hot drinks, food, kids); about 100 centres"
,thistle-hotels,Thistle Hotels,Hotel restaurant,Thistle Hotels,https://www.thistle.com,https://www.thistle.com/wp-content/uploads/sites/4/2025/02/menu.pdf,pdf,kcal per dish on hotel menu PDFs; menus differ by hotel; allergens in info pack on request
,apex-hotels,Apex Hotels,Hotel restaurant,Apex Hotel Group,https://www.apexhotels.co.uk,https://www.apexhotels.co.uk/destinations/london/apex-temple-court-hotel/dining/,web,"kcal per dish on menu PDFs (Lampery, Orange Artichoke, Quayside); allergens on request; about 8 hotels"
,natural-history-museum,Natural History Museum cafes,Museum cafe,Natural History Museum,https://www.nhm.ac.uk,https://www.nhm.ac.uk/content/dam/nhm-www/visit/Eatdrinkandshop/menus/Central-Hall-Cafe-menu.pdf,pdf,kcal per dish in cafe menu PDFs (checked); single site
,imperial-war-museums,Imperial War Museums,Museum cafe,IWM,https://www.iwm.org.uk,https://www.iwm.org.uk/sites/default/files/files/2026-08/19%20Squadron%20Restaurant%20Menu.pdf,pdf,kcal per dish on restaurant menu PDF (checked); 5 branches
,royal-museums-greenwich,Royal Museums Greenwich cafes,Museum cafe,RMG,https://www.rmg.co.uk,https://www.rmg.co.uk/plan-your-visit/eat-drink,web,Parkside Cafe menu PDF lists kcal per dish; other cafes menus only
,grosvenor-casinos,Grosvenor Casinos,Casino restaurant,Rank Group,https://www.grosvenorcasinos.com,https://www.grosvenorcasinos.com/local-casinos/on-the-menu,web,venue menu PDFs show kcal per dish; allergens on request; site returns 403 to script so URL from search results
,kew-gardens,Kew Gardens cafes,Garden cafe,Royal Botanic Gardens Kew,https://www.kew.org,https://www.kew.org/kew-gardens/eating-and-drinking,web,menu PDFs print kcal per dish; site returns 403 to script so URL from search results; single site
,cadbury-world,Cadbury World,Attraction,Mondelez,https://www.cadburyworld.co.uk,https://cadburyworld.co.uk/media/hfmlirgt/a4-menu-off-peak.pdf,pdf,cafe menu PDF with kcal and QR for allergens; single site
,center-parcs,Center Parcs UK,Holiday resort,Center Parcs,https://www.centerparcs.co.uk,https://www.centerparcs.co.uk/information/allergen-information.html,platform:saffronfdh,allergen portal per outlet and village; nutrition filter exists but values not shown to fetcher; 5 villages
,forest-holidays,Forest Holidays,Holiday cabins,Forest Holidays,https://www.forestholidays.co.uk,https://www.forestholidays.co.uk/food-and-drink/,platform:igfd.menu,allergen menus per location on igfd.menu; menu PDFs print kcal; about 11 locations
,travelodge,Travelodge,Hotel restaurant,Travelodge Hotels,https://www.travelodge.co.uk,https://www.travelodge.co.uk/about/allergen-information/,pdf,allergen chart PDFs per menu (dinner kids breakfast drinks); no kcal; dinner menu marks under 600 calories
,planet-ice,Planet Ice,Ice rink cafe,Planet Ice,https://planet-ice.co.uk,https://planet-ice.co.uk/food-and-drink,pdf,master allergen matrix PDF (checked); no kcal; about 10 rinks
,hoburne,Hoburne Holidays,Holiday park,Hoburne,https://www.hoburne.com,https://www.hoburne.com/holidays/food-and-drink/about-our-food-and-drink/,pdf,allergen sheet PDFs per park and menu; no kcal; 7 parks
,blackpool-pleasure-beach,Blackpool Pleasure Beach,Theme park,Pleasure Beach,https://www.blackpoolpleasurebeach.com,https://www.blackpoolpleasurebeach.com/allergen-information/,pdf,one allergen PDF per outlet (22); no kcal; single park
,paultons-park,Paultons Park,Theme park,Paultons,https://paultonspark.co.uk,https://paultonspark.co.uk/food-and-drink/,web,online menus per outlet with allergen filter; page says kcal may vary; single park
,royal-opera-house,Royal Opera House restaurants,Theatre venue,Royal Opera House,https://www.rbo.org.uk,https://www.rbo.org.uk/visit/eat-and-drink,web,menu pages have Show calories toggle; cafe menu lists kcal per drink; single venue
,wenzels,Wenzel's the Bakers,bakery / food to go,,https://www.wenzels.co.uk,https://www.wenzels.co.uk/wp-content/uploads/2026/06/Wenzels_Allergen_Sheet_June_2026.pdf,pdf,"p8 per-serving nutrition table (kcal, fat, carbs, protein, salt) plus allergen matrix; image-based PDF so needs OCR"
,roti,Roti UK,Mediterranean fast casual,Roti Modern Mediterranean,https://roti.co.uk,https://drive.google.com/file/d/1etCDGwOheqIR1XvAcBMO0AjxC7GI6N5I/view?usp=drive_link,platform:google-drive,home page link labelled Nutrition opens a Google Drive file (not opened); UK site count unclear (Kentish Town seen)
,chicken-shop,Chicken Shop,chicken,Soho House group,https://www.chickenshop.com,https://determined-addition-3b3c360e5e.media.strapiapp.com/Allergens_Kiosk_APRIL_03_2026_8c0b474599.pdf,pdf,allergen table PDF linked from /allergens; no calories
,pieminister,Pieminister,pies,,https://www.pieminister.co.uk,https://www.pieminister.co.uk/_files/ugd/4dd37a_097aca7aeaed4b70a6f6606ee9afe825.pdf,pdf,restaurant allergen PDF (issue 62); no calories; page /allergens
,island-poke,Island Poke,poke bowls,,https://www.islandpoke.com,https://www.islandpoke.com/propeller/uploads/sites/3/2026/04/IP-Allergen-Matrix-April-2026.pdf,pdf,allergen matrix Apr 2026; no calories
,wing-wing,Wing Wing,chicken wings,,https://wingwing.co.uk,https://wingwing.co.uk/wp-content/uploads/2025/09/WingWing-Allergens-2025.pdf,pdf,allergen PDF 2025; no calories; site count not checked
,wraps-and-wings,Wraps & Wings,wraps / chicken,,https://www.wrapsandwings.co.uk,https://www.wrapsandwings.co.uk/allergens,web,allergen tables on page; no calories; multi-brand franchise (links Baskin-Robbins)
,hubbox,Hubbox,burgers,,https://www.hubbox.co.uk,https://www.hubbox.co.uk/allergen-information/,web,"7 sites (Cornwall, Devon, Somerset, Cardiff, Cheltenham); allergen matrix PDFs per site (e.g. 260907-HUBBOX-ALLERGENS-TR.pdf), no calories seen"
,shahs-halal-food,Shah's Halal Food,halal street food,Shah's Halal (New York),https://shahshalalfood.co.uk,https://shahshalalfood.co.uk/allergen-infromation/,web,allergen matrix in the page HTML; no calories; several UK stores (count not shown)
,bronsons-burgers,Bronson's Burgers,burgers,,https://bronsonsburgers.co.uk,https://bronsonsburgers.co.uk/allergens/,web,allergen chart is an image (new-alleren.jpg); no calories; London
,fabrique,Fabrique Bakery,bakery cafe,,https://fabrique.co.uk,https://fabrique.co.uk/allergens/,web,"statement only, no matrix or calories"
,the-japanese-canteen,The Japanese Canteen,sushi / bento,,https://thejapanesecanteen.co.uk,https://thejapanesecanteen.co.uk/allergies.html,platform:google-sheets,allergen table is a Google Sheet; no calories
,third-space,Third Space Natural Fitness Foods,Gym cafe,Third Space,https://www.thirdspace.london,https://www.thirdspace.london/natural-fitness-foods-menu/,web,calories protein carbs fat per item on menu page; London gym clubs
,places-leisure-cafeology,Places Leisure Cafeology,Leisure centre cafe,Places Leisure (Serco/Places for People),https://www.placesleisure.org,https://www.placesleisure.org/allergens-and-nutritional-information/,pdf,calorie + allergen PDFs per category (about 54 centre cafes); some nutrients per portion
,lner,LNER onboard,Train catering,LNER (DfT Operator),https://www.lner.co.uk,https://www.lner.co.uk/first-class-travel/menu/allergen-information/,web,kcal per dish and per-100g tables on allergen page; direct fetch gave 403 so seen via search snippet
,avanti-west-coast,Avanti West Coast onboard,Train catering,Avanti West Coast (FirstGroup/Trenitalia),https://www.avantiwestcoast.co.uk,https://www.avantiwestcoast.co.uk/-/media/avanti-pdfs/avanti-menus/summer-2026/weekend/summer-fc-menu-weekend-digital-fa.pdf,pdf,First Class menu PDFs state kcal per serving; shop items list 14 allergens online
,norse-catering,Norse Catering school meals,School meals,Norse Group,https://norsegroup.co.uk,https://norsegroup.co.uk/catering-hub/,pdf,per-serving nutrition analysis PDF and allergen chart for school menus (Norfolk hub); not a retail chain
,jet2-inflight,Jet2 in-flight food,Airline catering,Jet2.com,https://www.jet2.com,https://www.jet2.com/en/travel-essentials/meals,web,kcal per hot meal reported by search; page returned 503 to direct fetch; allergen list PDF at jet2.com/-/media/Jet2/Flights/pdf/Allergens_List.pdf
,transpennine-express,TransPennine Express onboard,Train catering,TransPennine Express (DfT Operator),https://www.tpexpress.co.uk,https://www.tpexpress.co.uk/-/media/Travelling-with-us/Onboard-facilities/Food-and-drink/Spring-summer-2026-NEW/Allergen-Matrix-Chart-SpringSummer-Menu-26.pdf,pdf,allergen matrix per menu item; no calories
,caledonian-sleeper,Caledonian Sleeper onboard,Train catering,Caledonian Sleeper (Serco),https://www.sleeper.scot,https://www.sleeper.scot/sleeper-experience/food-and-drink/menu-allergens/,web,menu allergens page; no calories seen
,eurostar-cafe,Eurostar Cafe,Train catering,Eurostar,https://www.eurostar.com/uk-en,https://www.eurostar.com/uk-en/travel-info/your-trip/food-on-board/our-menu,pdf,menu PDFs with numbered allergen codes per dish; no calories
,northlink-ferries,NorthLink Ferries onboard,Ferry catering,Serco NorthLink,https://www.northlinkferries.co.uk,https://www.northlinkferries.co.uk/wp-content/uploads/2025/06/A4-Paper-Allergen-Menu-hamnavoe.pdf,pdf,allergen grid per dish (14 allergens); no calories
,puttshack-uk,Puttshack,Leisure venue,Puttshack,https://www.puttshack.com/uk/,https://www.puttshack.com/uk/food-and-drink/,web,kcal per dish and sauce on UK menus; allergen guide at puttshack.com/uk/allergens/; 4 UK venues
,aramark-uk,Aramark UK,Contract catering,Aramark,https://www.aramark.co.uk,https://menus.tenkites.com/aramarkuk/ataltontowersparkcatering,platform:tenkites,Ten Kites hub shows kcal and allergens (Alton Towers outlets and some schools); no Aramark UK site visited; some pages misaligned
,pgl-travel,PGL Adventure Holidays,Outdoor adventure catering,PGL Travel,https://www.pgl.co.uk,https://menus.tenkites.com/pgltravel/pgl02,platform:tenkites,weekly centre menus with kcal per 100g/portion and allergens; pgl.co.uk home links no food pages
,chaophraya,Chaophraya,Thai,Chaophraya Group,https://www.chaophraya.co.uk,https://menus.tenkites.com/tlg/chaophraya04,platform:tenkites,kcal and allergens per dish on Ten Kites; home page not checked; about 7 UK sites
,fazenda,Fazenda Rodizio Bar and Grill,Brazilian,Fazenda,https://www.fazenda.co.uk,https://menus.tenkites.com/fazenda/fazendabishopsgate,platform:tenkites,kcal and allergens per dish on Ten Kites; home page not checked; few UK sites
,wwt-wildfowl-wetlands,WWT Wetland Centres,Attraction cafe,Wildfowl & Wetlands Trust,https://www.wwt.org.uk,https://www.wwt.org.uk/uploads/documents/2023-10-30/martin-mere-menu-board.pdf,pdf,2023 menu board with calories (seen via search; not opened); 9 UK centres
,british-airways,British Airways onboard,Airline catering,International Airlines Group,https://www.britishairways.com,https://www.britishairways.com/content/information/food-and-drink/food-allergies,web,allergen table (gluten peanut seafood sesame nuts) and menu PDFs; no kcal seen; site busy on fetch
,aer-lingus,Aer Lingus onboard,Airline catering,IAG,https://www.aerlingus.com,https://www.aerlingus.com/support/special-assistance/dietary-needs/,web,in-flight allergen chart and business-class menus list allergens per dish; no kcal seen; Irish airline serving UK
,chartwells-uk,Chartwells,School meals,Compass Group UK & Ireland,https://www.chartwells.co.uk,https://www.chartwells.co.uk/nutrition/,web,nutrition approach and seasonal menu pages; no per-dish kcal or allergen table found; menus sit on school sites
,elior-uk,Elior UK,Contract catering,Elior Group,https://www.elior.co.uk,https://www.elior.co.uk/news/elior-roll-out-online-menus-transform-customer-experiences,web,news item: Ten Kites online menus with nutrition and allergens at about 30 sites; no public menu URL found
,bm-caterers,BM Caterers (Bartlett Mitchell),Contract catering,Bartlett Mitchell,https://www.bmcaterers.co.uk,https://www.bmcaterers.co.uk/wp-content/uploads/2022/06/EG_CalorieInformationMenus.pdf,pdf,2022 calorie information guide PDF for one client site; home page links no nutrition; 100+ workplaces
,irish-ferries,Irish Ferries,Ferry catering,Irish Continental Group,https://www.irishferries.com,https://www.irishferries.com/globalassets/ships/ulysses/menu/2023-ulysses-clubclass-menu.pdf,pdf,Club Class menu lists Contains allergens per dish (2023); Boylan's menu says ask staff; no kcal; UK routes Holyhead and Pembroke
,hoburne-holidays,Hoburne Holidays,Holiday park,Hoburne,https://www.hoburne.com,https://www.hoburne.com/assets/PDF-Downloads/Autumn-menu-2026/Hoburne_Allergen-Sheets_October-2026.pdf,pdf,10-page allergen sheets by menu (updated Oct 2026); no kcal; about 8 parks
,heathrow-airport-dining,Heathrow Airport restaurants,Airport dining,Heathrow Airport Holdings,https://www.heathrow.com,https://www.heathrow.com/content/dam/heathrow/web/common/documents/at-the-airport/restaurants-a-z/bills-main-menu.pdf,pdf,each outlet has a menu PDF under restaurants-a-z with kcal (seen via search; one outlet shown here); mostly third-party chains so a way to spot unlisted brands; hub page not opened
,heritage-pubs,Heritage Pubs,Pub,Stonegate,https://www.heritagepubs.co.uk/,https://menus.tenkites.com/heritage02,platform:tenkites,kcal protein fat per dish (Jan 2025 menu on Ten Kites)
,castle-carvery,Castle Carvery,Carvery pub,Red Cat (from Ten Kites slug),https://www.redcatpubs.co.uk/,https://menus.tenkites.com/redcat/castlecarvery,platform:tenkites,kcal protein fat per dish (SS25 menu); guessed home page returned 403 so site unconfirmed
,supermacs,Supermac's,Burgers and chicken,Supermac's (Ireland),https://supermacs.ie/,https://supermacs.ie/wp-content/uploads/2026/10/Nutritional-SUPERMACS-PAPA-JOHNS-Rev005-1.pdf,pdf,kcal kJ protein carbs per item; Irish chain with only a few NI sites
,insomnia-coffee,Insomnia Coffee Company,Coffee,Insomnia (Ireland),https://www.insomnia.ie/,https://www.insomnia.ie/menu/nutritional-information,web,kcal fat protein table; Irish chain with NI sites and GB partner outlets
,bettys,Bettys,Tea rooms,Bettys & Taylors,https://www.bettys.co.uk/,https://www.bettys.co.uk/media/pdf/bettys-winter-core-menu-2026.pdf,pdf,kcal per dish in menu PDF; home page shows a bot challenge so not scraped; Yorkshire tea rooms
,thaikhun,Thaikhun,Thai street food,,https://www.thaikhun.co.uk/,https://menus.tenkites.com/tlg/thaikhun,platform:tenkites,kcal and allergens per dish; small chain
,papas-fish-and-chips,Papa's Fish & Chips,Fish and chips,,https://papasfishandchips.com/,https://papasfishandchips.com/nutritional-information/,web,per-product nutrition PDFs (dated 2018) plus allergens page; Yorkshire and seaside sites
,hummingbird-bakery,Hummingbird Bakery,Bakery,,https://hummingbirdbakery.com/,https://www.hummingbirdbakery.com/media/wysiwyg/PDFs/Allergens_-_October_-_November_2026.pdf,pdf,monthly allergen PDFs; no calories; small London chain
,eddie-rockets,Eddie Rocket's,American diner,Eddie Rocket's (Ireland),https://www.eddierockets.ie/,https://www.eddierockets.ie/allergens,web,allergen PDFs per menu section; no calories; Irish chain with a few NI sites
,purezza,Purezza,Vegan pizza,,https://purezza.co.uk/,https://purezza.co.uk/allergens/,web,interactive allergen page; no calories; about five sites
,mildreds,Mildreds,Vegan,,https://mildreds.co.uk/,https://mildreds.co.uk/faqs/,web,allergen filter on each menu page per FAQ; no calories
,masala-zone,Masala Zone,Indian,Real Indian Food Co,https://www.masalazone.com/,https://menu.menuguide.pro/html/F22AF12/F22AF12.html,platform:menuguide,per-dish allergens; its FAQ says nutrition info is not provided
,rhs-gardens,RHS Garden Cafes,Garden cafes and restaurants,Royal Horticultural Society,https://www.rhs.org.uk,https://www.rhs.org.uk/gardens/rosemoor/food-drink/the-garden-restaurant,web,kcal and allergens per dish in web menus; 5 gardens; calories only
,popworld,Popworld,Bar,Stonegate,https://www.popworld.com,https://www.tkmenus.com/popworld,platform:tkmenus,"drinks menu with allergen data only, no kcal (Jan 2025); Stonegate late-night bars"
,jockey-club-racecourses,Jockey Club Racecourses,Racecourse catering,The Jockey Club,https://www.thejockeyclub.co.uk,https://www.thejockeyclub.co.uk/the-experience/food-drink/,web,15 courses; sample hospitality menus only (Warwick one shows kcal); allergen by contacting each course
,snow-centre,The Snow Centre (Lodge Bar and Kitchen),Indoor ski cafe,The Snow Centre,https://thesnowcentre.com,https://thesnowcentre.com/hemel-hempstead/plan-your-visit/the-lodge/the-lodge-bar-and-kitchen-allergen-information/,web,per-item allergen page (checked); no kcal; Hemel Hempstead and Manchester only
,rossopomodoro,Rossopomodoro,pizza / Neapolitan,,https://www.rossopomodoro.co.uk,https://www.rossopomodoro.co.uk/_files/ugd/a2a2d2_1a9da3e52b54432ab425062e988571ad.pdf,pdf,12-page allergen matrix PDF; kcal printed for some dishes only; page /dietary-informations
,churchills-fish-and-chips,Churchill's Fish & Chips,fish and chips,,https://churchillsfishandchips.co.uk,https://churchillsfishandchips.co.uk/allergens/,web,written allergen statement only (matrix in store); calories only on delivery apps
,haskins-garden-centres,Haskins Garden Centres,Garden centre cafe,Haskins,https://www.haskins.co.uk,https://www.haskins.co.uk/allergen-policy/,web,allergen policy and allergies book PDF only; no per-dish table or calories seen
,scott-cinemas,Scott Cinemas,Cinema,Scott Cinemas,https://www.scottcinemas.co.uk,https://www.scottcinemas.co.uk/nutritional-information,web,NUTRI DATA link on home page; page needs a cinema pick and returned 403 to fetch tool so content unchecked
,deli-by-shell,deli by Shell,Forecourt food to go,Shell UK,https://www.shell.co.uk,https://www.shell.co.uk/shell-service-stations/food-and-drink-offering/deli-by-shell/allergen-matrix.html,web,"allergen matrix page (script-rendered, contents not read)"
,el-mex,El Mex Burrito Bar,Mexican,El Mex,https://www.elmex.uk,https://www.elmex.uk/allergens,pdf,allergen PDF linked from allergens page; 8 motorway and food-yard sites
,bannatyne,Bannatyne Health Clubs and Hotels,Club restaurants and cafes,Bannatyne Group,https://www.bannatyne.co.uk,https://www.bannatyne.co.uk/uploaded/fairways%20menu%202025.pdf,pdf,"per-club menu PDFs; some show cal per dish (Fairways), others none; inconsistent, low priority"
,pesto,Pesto,Italian,Mitchells & Butlers,https://pestorestaurants.co.uk,https://www.pestorestaurants.co.uk/restaurants/north-west/chester/dietary-requirements,platform:mbplc-safe2eat,per-restaurant dietary page links safe2eat.mbplc.io guide
,belhaven-pubs,Belhaven Pubs,Pub,Greene King,https://www.belhaven.co.uk,https://www.belhaven.co.uk/allergens,web,filterable allergen menus per pub (Greene King platform)
,dirty-martini,Dirty Martini,Bar-restaurant,,https://www.dirtymartini.co.uk,https://www.dirtymartini.co.uk/allergens,web,menu allergens page
,craft-beer-co,The Craft Beer Co,Pub,,https://www.thecraftbeerco.com,http://www.thecraftbeerco.com/allergy,web,allergy information page with per-pub pages
,puttshack,Puttshack,Leisure bar-restaurant,,https://www.puttshack.com,https://www.puttshack.com/uk/allergens/,web,"allergen and dietary PDFs per menu (food, drinks, kids)"
,boom-battle-bar,Boom Battle Bar,Leisure bar-restaurant,,https://boombattlebar.com/uk/,https://boombattlebar.com/uk/allergen-matrix/,web,allergen matrix PDF
,roxy-leisure,Roxy Ball Room and Roxy Lanes,Leisure bar-restaurant,,https://roxyleisure.co.uk,https://roxyleisure.co.uk/allergen-statement/,web,allergen statement page
,all-star-lanes,All Star Lanes,Leisure bar-restaurant,,https://www.allstarlanes.co.uk,https://www.allstarlanes.co.uk/wp-content/uploads/2026/06/FULL-KIDS-PARTY-PACKAGE_ALLERGENS_SS0626.pdf,pdf,allergen PDFs for party packages; main menu allergens not located
,camino,Camino,Tapas bar,,https://camino.uk.com,https://camino.uk.com/menus/,platform:igfd.menu,per-venue menus link View Allergens on igfd.menu; about 5 London sites
,upham-inns,Upham Inns,Pub,,https://uphaminns.co.uk,https://uphaminns.co.uk/faqs/,web,FAQ says allergen info is on each pub website; about 28 pubs
,butcombe-inns,Butcombe Inns,Pub,Liberation Group,https://butcombe.com,https://butcombe.com/allergyaware/,web,menus page links to allergen information for the menus
,barrafina,Barrafina,Spanish tapas,,https://www.barrafina.com,https://www.barrafina.com/frequently-asked-questions/,web,FAQ on dietary requirements only; about 7 sites
,electric-shuffle,Electric Shuffle,Leisure venue,Electric Shuffle,https://electricshuffle.com/uk,https://electricshuffle.com/food-menu,web,online menu hides dishes by 14 allergens; UK PDF menu uses V/Ve/NGC codes; site returns 403 to script so URL from search results; about 5 UK sites
,diggerland,Diggerland,Theme park,Diggerland,https://www.diggerland.com,https://www.diggerland.com/food-outlets/,web,"View Allergen Info button on food outlets page (franchised cafes, 4 parks); content unchecked"
,lightwater-valley,Lightwater Valley,Theme park,Lightwater Valley,https://lightwatervalley.co.uk,https://lightwatervalley.co.uk/places-to-eat,platform:ifoodi,dietary requirements tool on ifoodi (system.ifoodi.com/console/qr/lightwater_valley); single park
,anns-pasties,Ann's Pasties,Cornish pasties,,https://www.annspasties.co.uk,https://www.annspasties.co.uk/allergens-and-ingredients/,web,allergens and ingredients page; content not opened
,philps-pasties,Philps Pasties,Cornish pasties,,https://philpspasties.co.uk,https://buy.philpspasties.co.uk/pages/allergy-information,web,allergy information page on online shop; content not opened
,proper-cornish,Proper Cornish,Cornish pasties / bakery,,https://www.propercornish.co.uk,https://online.fliphtml5.com/ltypd/aawu/,platform:fliphtml5,allergen and product info flipbook; also a wholesaler
,you-me-sushi,YouMeSushi,sushi / poke,,https://www.youmesushi.com,https://www.youmesushi.com/allergens,web,"allergen page (content behind a verification check, not read); UK store count not checked"
,thorntons,Thorntons,Chocolate shops and cafes,Ferrero,https://www.thorntons.co.uk/,https://www.thorntons.co.uk/uk/en/dietary-information,web,dietary information page (JavaScript so contents unchecked); mainly chocolate shops
,fortnum-and-mason,Fortnum & Mason,Tea salons,,https://www.fortnumandmason.com/,https://www.fortnumandmason.com/stories/tea-salon-dietary-menu,web,dietary menu page (JavaScript so contents unchecked); a few tea salons
,mother-hubbards,Mother Hubbard's,Fish and chips,,https://www.mother-hubbards.co.uk/,https://www.mother-hubbards.co.uk/wp-content/uploads/2026/04/2026_food_and_drink.pdf,pdf,menu PDF refused my fetch (403) so contents unchecked; franchise chain of 50+ shops per press
,chow,Chow,Asian,Moto,https://moto-way.com/brands/chow/,https://moto-way.com/wp-content/uploads/2023/05/Chow-allergens-sheet-Updated-May-2023.pdf,pdf,allergen grid only (May 2023); about 5 Moto sites
,the-good-breakfast,The Good Breakfast,Breakfast,Welcome Break,https://welcomebreak.co.uk/brands/the-good-breakfast/,https://view.genially.com/62d8fced084b2f0018c9d637,platform:genially,Welcome Break allergen guide linked from brand page; allergens only
,craft-union,Craft Union Pub Company,Pub,Stonegate,,https://www.tkmenus.com/craftunion,platform:tkmenus,"drinks menu allergen data only (June 2022), no food; craftunion.co.uk is a parked domain; 440+ tenanted pubs"
,boojum,Boojum,burritos / Mexican,,https://boojummex.com,https://boojummex.com/assets/uploads/Allergen-Sheet-A3-July-2026.pdf,pdf,allergen sheet is image-only PDF; Irish chain with Belfast sites (few GB/NI sites)
