chain_id,scope,statement,source_url,checked_on
abokado,not_stated,,,2026-10-10
afrikana,all,Is Afrikana Halal? 100%! Our food is not only cooked to perfection but also fully halal-certified.,https://www.afrikanakitchen.com/,2026-10-10
all-bar-one,not_stated,blocked: allbarone.co.uk robots.txt answers 403,,2026-10-10
amalfi,not_stated,,,2026-10-10
amigos-burgers-and-shakes,all,"Is your food halal? Yes, We can confirm that we are 100% halal. Our beef and poultry are unstunned. Amigos is not currently part of any ‘Halal’ board.",https://www.amigosburgersandshakes.com/faqs,2026-10-10
aunties-anne,not_stated,,,2026-10-10
away-resorts,not_stated,,,2026-10-10
bagel-factory,not_stated,,,2026-10-10
bakers-and-baristas,some,Halal. Selected stores only … Sausage Bap (Halal) … Bacon Bap (Halal),https://cdn.shopify.com/s/files/1/0790/5332/4516/files/BakersBaristas_Allergens_Summer2026_UK.pdf,2026-10-10
banana-tree,some,"Is Banana Tree halal? Yes! The meat on our All Day menu is halal at all 21 of our locations. … Please note, our Breakfast menu (served at Greenwich only) is not halal.",https://bananatree.co.uk/faqs,2026-10-10
barburrito,not_stated,,,2026-10-10
baskin-robbins,some,"""HALAL"" column in the nutrition index ticked (√) for some products only, e.g. ""CHOCOLATE"", ""VANILLA"", ""COTTON CANDY""; most rows show ""O""",https://baskinrobbins.co.uk/wp-content/uploads/2025/06/IND-PIS-NUTRITION-INDEX-11-2025.pdf,2026-10-10
baynes,not_stated,,,2026-10-10
be-at-one,not_stated,,,2026-10-10
bella-italia,some,"Food Policy: We use poultry sourced through our approved supply chain, which is Halal-certified.",https://www.bellaitalia.co.uk/faqs,2026-10-10
bens-cookies,not_stated,,,2026-10-10
benugo,not_stated,,,2026-10-10
bettys,not_stated,blocked: bettys.co.uk answers every page with a bot check (Incapsula),,2026-10-10
bills,not_stated,,,2026-10-10
birds-bakery,not_stated,,,2026-10-10
bistrot-pierre,not_stated,,,2026-10-10
blacklock,not_stated,,,2026-10-10
blank-street-coffee,not_stated,help centre blocked (help.blankstreet.com answers 403); nothing on blankstreet.com or its UK allergen guide,,2026-10-10
boston-tea-party,not_stated,,,2026-10-10
brasserie-blanc,not_stated,,,2026-10-10
brewdog,not_stated,,,2026-10-10
brightside,not_stated,,,2026-10-10
british-garden-centres,not_stated,,,2026-10-10
browns,not_stated,blocked: browns-restaurants.co.uk robots.txt answers 403,,2026-10-10
brunning-and-price,not_stated,,,2026-10-10
burger-and-lobster,not_stated,,,2026-10-10
burger-and-sauce,not_stated,,,2026-10-10
burger-shack,not_stated,,,2026-10-10
butcombe-inns,not_stated,,,2026-10-10
butlins,no,"Please note: At this time, we are unable to provide Halal meat. We are working closely with suppliers to be able to change this and we will update all guests as soon as this changes.",https://www.butlins.com/help-contact/faqs,2026-10-10
buzz-bingo,not_stated,,,2026-10-10
cafe-rouge,no,"some of the meat is slaughtered using Halal methods … Due to the nature of our business and the mix of dishes within our restaurants, we do not declare any of our meals as Halal.",https://www.caferouge.com/faqs,2026-10-10
caffe-nero,not_stated,,,2026-10-10
caravan,no,"Is the menu halal? Our menu is not halal. However, we have plenty of vegetarian and vegan dishes for you to enjoy.",https://caravanandco.com/pages/faq,2026-10-10
carluccios,not_stated,,,2026-10-10
castle-carvery,not_stated,blocked: castlecarvery.com robots.txt disallows AI agents,,2026-10-10
chaiiwala,some,"Chicken Sausage Roll | Spiced Halal | Chaiiwala … Spiced chicken sausage wrapped in golden flaky pastry — the British sausage roll, made halal.",https://www.chaiiwala.co.uk/menu/chicken-sausage-roll,2026-10-10
chilango,not_stated,,,2026-10-10
chipotle,some,"IS CHIPOTLE HALAL? Yes, Chipotle serves halal suitable chicken in the UK but currently only at select locations.",https://www.chipotle.co.uk/is-chipotle-halal,2026-10-10
chiquito,not_stated,,,2026-10-10
chopstix,some,"Here at Chopstix, we're proud to serve Halal food options to all of our Muslim customers. View our Halal certificates here for our chicken, beef and coated chicken.",https://chopstixnoodles.co.uk/halal/,2026-10-10
chozen,not_stated,,,2026-10-10
cluckd,all,"Is your chicken halal? Yep, all our chicken is 100% halal, always. No shortcuts, no doubts.",https://cluckd.co.uk/faqs/,2026-10-10
coffee-1,not_stated,,,2026-10-10
comptoir-libanais,not_stated,,,2026-10-10
cooplands,not_stated,,,2026-10-10
cornish-bakehouse,not_stated,,,2026-10-10
cornish-bakery,not_stated,,,2026-10-10
cote-brasserie,not_stated,,,2026-10-10
creams-cafe,not_stated,,,2026-10-10
daisy-green,not_stated,,,2026-10-10
daves-hot-chicken,all,IS DAVE'S HALAL? All the chicken served in our restaurants is Halal. We source it from trusted suppliers who are certified as leading providers of Halal chicken.,https://www.daveshotchicken.co.uk/help/faqs,2026-10-10
deli-by-shell,not_stated,,,2026-10-10
dim-t,some,"Is your chicken halal and do you offer vegetarian and vegan options? Yes, our chicken is halal and we also offer a range of delicious vegetarian and vegan options.",https://dimt.co.uk/faqs/,2026-10-10
drake-and-morgan,not_stated,,,2026-10-10
dunkin,not_stated,help centre blocked (help.dunkin.co.uk robots.txt answers 403); nothing found on dunkin.co.uk,,2026-10-10
eds-easy-diner,not_stated,,,2026-10-10
ember-inns,not_stated,blocked: emberinns.co.uk robots.txt answers 403,,2026-10-10
english-heritage,not_stated,,,2026-10-10
esquires,not_stated,,,2026-10-10
everyman,not_stated,,,2026-10-10
farmer-j,not_stated,,,2026-10-10
fat-hippo,some,"Is your meat halal? All of the chicken we use across all of our restaurants and concessions is certified halal. However, none of our beef products used at any locations are certified halal.",https://fathippo.co.uk/faqs/,2026-10-10
fishworks,not_stated,,,2026-10-10
five-guys,some,"The following Five Guys restaurants are fully Halal-certified by the recognised Halal Certification Body (HCO). They serve Halal beef, and no pork products/bacon or alcoholic drinks are available in these stores: Birmingham Fort London Park Royal Manchester Arndale",https://www.fiveguys.co.uk/halal-information/,2026-10-10
flat-iron,no,Is your beef halal? Our beef is not halal.,https://flatironsteak.co.uk/faqs/,2026-10-10
flight-club,no,"Do you cater for Halal and Kosher guests? While we don't offer Halal or Kosher-specific menus, we have a wide variety of dishes that you can tailor to meet your needs.",https://flightclubdarts.com/uk/faqs/,2026-10-10
forest-holidays,not_stated,,,2026-10-10
franco-manca,some,"While we have tried our best to provide a number of Halal meat options, there are a few exceptions. Our chicken is Halal, however, our fennel sausage and Bresaola are not.",https://www.francomanca.co.uk/faqs/,2026-10-10
frankie-and-bennys,some,"Do you serve Halal-Certified meat/poultry? We use poultry sourced through our approved supply chain, which is Halal-certified.",https://www.frankieandbennys.com/faqs,2026-10-10
gails,no,Is your food halal or kosher certified? Our food does not have Halal or Kosher certification.,https://gails.com/pages/faqs,2026-10-10
giggling-squid,some,"Is your meat Halal? Yes, our chicken and lamb are Halal across all our restaurants. Please note that our Sticky Chicken recipe uses cooking wine.",https://www.gigglingsquid.com/frequently-asked-questions/,2026-10-10
giraffe,not_stated,,,2026-10-10
gordon-ramsay-restaurants,not_stated,,,2026-10-10
gourmet-burger-kitchen,not_stated,not checked: gbk.co.uk's TLS certificate has expired (not worked round); its Ten Kites menu says nothing,,2026-10-10
great-local-pubs,not_stated,,,2026-10-10
greene-king,not_stated,,,2026-10-10
greenhalghs,not_stated,,,2026-10-10
greggs,no,"at the moment we don’t have a Halal menu. … some of whom provide chicken that is compliant with the HFA. However, we can’t label this as Halal because we don’t provide separation in either our shops or our bakeries.",https://www.greggs.com/faqs/,2026-10-10
gusto,not_stated,,,2026-10-10
hall-and-woodhouse,not_stated,,,2026-10-10
harbour-hotels,not_stated,,,2026-10-10
hard-rock-cafe,not_stated,,,2026-10-10
harvester,not_stated,blocked: harvester.co.uk robots.txt answers 403,,2026-10-10
haven,not_stated,,,2026-10-10
heartwood-inns,not_stated,,,2026-10-10
heritage-pubs,not_stated,,,2026-10-10
hickorys,not_stated,,,2026-10-10
hoburne-holidays,not_stated,,,2026-10-10
hollywood-bowl,not_stated,,,2026-10-10
honi-poke,not_stated,,,2026-10-10
hotel-du-vin,not_stated,,,2026-10-10
