id,verdict,format,source_url,serving_basis,date_or_version,notes
aberdeen-airport,CLOSED,JS-rendered Ten Kites (restaurantallergens.com) outlet pages,https://www.aberdeenairport.com/shopping-and-eating/restaurants-and-bars/dietary-menus/,n/a,fetched 2026-10-09,"Single airport (AGS Airports), not a multi-site chain: the dietary-menus page links per-outlet allergen pages for third-party brands in the terminal (Bocco, The Distilling House, Granite City via tkmenus.com, and Costa which is already a chain on its own). The Bocco page on restaurantallergens.com loaded as an empty JS shell ('Allergen Data Maintenance Mode', KCal filter present but no dishes in the HTML). robots.txt of both hosts allows the pages. Not worth extracting: one venue. Allergens: yes on the platform, but no per-dish nutrition seen."
all-star-lanes,CLOSED,"PDF with text layer (allergen matrix, kids party packages only)",https://www.allstarlanes.co.uk/wp-content/uploads/2026/06/FULL-KIDS-PARTY-PACKAGE_ALLERGENS_SS0626.pdf,n/a (allergens only),SS0626 (summer 2026); matrix footer 'Redhill - 23/09/25',"Only 4 UK venues listed on the homepage (Brick Lane, Holborn, Stratford, Westfield White City), below the 10-site threshold. The one PDF found is a 'Kids Party Packages' allergen guide (yes/no/may per dish, ~15 rows); no kcal or any nutrition in it (0 hits for kcal/calorie). Allergens only, so it would be NO-DATA even with more sites. robots.txt allows."
banh-mi-bay,CLOSED,PDF allergen matrix (text layer),https://www.banhmibay.co.uk/s/Allergen.pdf,n/a (allergens only),undated PDF,"Three London sites only (Holborn, Fitzrovia, Surrey Quays food court): single-city independent. The matrix (about 25 dishes: Gluten, Crustacean, Eggs, Fish, Peanuts, Soybean, Milk, Nuts, Celery, Mustard, Sesame, Sulphur Dioxide, Lupin, Molluscs, plus sauce column) has no calories or nutrition (0 hits). Site (Squarespace) has no nutrition page. Allergens only."
bannatyne,NO-MACROS,PDF menu flyers (text layer) per club group (Menu A/B/C/D + Grab & Go) on shorthandstories.com pages,https://www.bannatyne.co.uk/uploaded/menua.a5.pdf,"per dish, calories only, written inline as '(NNN cal)'",menus branded 2025; Fairways menu PDF 2025,"Health-club cafe bars (about 45 clubs listed on https://bannatyne.shorthandstories.com/bannatyne-menus2025/index.html), not a restaurant chain, and a menu varies by club (Menu A, B, C, D variants plus a Grab & Go sheet that carries NO calories). The 'Bite to eat?' hot-food side of Menu A and B prints about 15 kcal values each, Fairways (Menu B-style) about 19, e.g. 'Poached Eggs on Toast (479 cal) £4.95'. TRAPS: values sit in prose inside a two-column flyer (layout extraction needed); the same dish differs between versions (Toast with Jam 389 cal in Menu A vs 289 cal in Fairways); no protein/carbs/fat; allergens are not in the PDFs (the page points to the 'allergy menu uk' app, allergymenu.uk, a separate platform, not checked). Per the sites-agree rule only dishes identical in 2+ menus would publish. Low value; extract last if at all."
big-johns-takeaway,NO-DATA,PDF allergen matrix (text layer for names; ticks not in text layer),https://www.mybigjohns.com/wp-content/uploads/2026/08/allergens-matric-template-june-2026-.pdf,n/a (allergens only),updated 1 June 2026,"About 17 Midlands sites (Birmingham area, Leicester etc.). Allergen matrix lists about 130 products but has no kcal/nutrition (0 hits); homepage, /menu/ and the order platform order.mybigjohns.com (food2go; store must be chosen first) show no kcal or calorie text. Allergens only. If ever wanted: matrix ticks are not in the text layer (would need layout/vector or image reading)."
boojum,CLOSED,PDF allergen sheet (image only) + web menu with no nutrition,https://boojummex.com/store-locator,n/a,allergen sheet 'July 2026',"Irish chain: only 4 UK sites (all Belfast: Botanic Avenue, Great Victoria Street, Victoria Square, Lisburn Road), the rest are in Ireland. The A3 allergen sheet is one JPEG image (2480x1754, no text layer); the menu pages (/our-menu/burritos etc.) carry no kcal or nutrition. Allergens only, image-only."
bread-meats-bread,CLOSED,PDF allergen guide (text layer),https://breadmeatsbread.com/wp-content/uploads/JUNE-26-BMB-Allergen-Guide-WEB.pdf,n/a (allergens only),June 2026,"Seven sites, all Glasgow and Edinburgh (Glasgow City Centre, West End, Fort, Silverburn; Edinburgh Lothian Rd, North Bridge, Fort): below the 10-site threshold. Allergen guide has no calories (0 hits); the menus page has no nutrition. Allergens only."
brightside,CLOSED,HTML (Ten Kites menus.tenkites.com allergen matrix with '(NNN kCal)' beside each dish),https://menus.tenkites.com/loungers/brightside,"per dish as sold, kCal only",fetched 2026-10-09,"Would otherwise be NO-MACROS with allergens: the Ten Kites page prints a kCal figure next to about 150 dishes and drinks and the 14-allergen matrix with may-contain, same names in one table (extractable from the page HTML, same reader family as the other Ten Kites chains). But Brightside has only 4 sites (Honiton, Exeter, Saltash, Ram Jam) per https://brightside.co.uk/, a Loungers sister brand, so it is below the 10-site threshold. Loungers/Cosy Club themselves are separate chains (not checked here). robots.txt of menus.tenkites.com allows the page (only /fonts/, /views/, /*.less$ disallowed)."
burger-and-sauce,NO-MACROS,"PDF with text layer (1 page, 3 columns of name + 'NNN kcal (NNN kJ) per serving')",https://burgerandsauce.com/wp-content/uploads/2025/03/carlorie-count-12-03-25.pdf,"per serving (one person), kcal and kJ only","file dated 12 March 2025, footer 'A. 31.10.24'; allergen sheet Dec 2025","About 43 items (burgers, wraps, wings portions, fries, nachos, sauces/dips, shakes and drinks) from the 'Calorie Count PDF' button on https://burgerandsauce.com/menu/. 17 UK sites (Midlands: Birmingham x10, Wolverhampton, Coventry, Nottingham, Leicester, Derby, Walsall, Brierley Hill, West Bromwich; many franchised). No protein/carbs/fat. TRAPS: the calorie sheet is older (March 2025, contains a Festive Burger and Ferrero Rocher) than the allergen matrix (Dec 2025), so some dishes will have no match and the menu may have changed; names differ in case and wording between the two (e.g. THE ORIGINAL BEEF BURGER vs 'Beef Burger'). Allergens: yes, https://burgerandsauce.com/wp-content/uploads/2025/12/Allergen-sheet-2025-1.pdf is a 2-page matrix (14 allergens plus named cereals, bullets and dashes in the text layer, one row per product) but needs a careful name join. Medium-low value."
camino,CLOSED,HTML menus with allergen view on igfd.menu,https://camino.uk.com/menus/,n/a,fetched 2026-10-09,"Four London sites only (Farringdon, King's Cross, Monument, Shoreditch). The menus page lists dishes with prices and (vg) marks but no calories (0 hits); allergens via a 'View Allergens' link to igfd.menu (King's Cross page: https://igfd.menu/london/camino-kings-cross-pa4e/). Allergens only, below the site threshold."
celtic-manor,CLOSED,"PDF menus with allergen letter codes (e.g. '(D,E,W,SD,S,V)'), no nutrition",https://www.celtic-manor.com/propeller/uploads/2022/12/Signature_AfternoonTea_August26_Menu_Web.pdf,n/a,Afternoon tea menu August 2026,"One resort in Newport (several restaurants and Hunter Lodges, one site), not a multi-site chain. Menu PDFs list dishes with allergen letter codes only; 0 hits for kcal/calorie in the page and in the Afternoon Tea PDF. No nutrition, no allergen matrix."
chick-fil-a-uk,CLOSED,"PDF (1 page, 842 x 1836 pt, text layer with rotated column headings): allergen grid plus nutrition columns",https://www.chick-fil-a.co.uk/wp-content/uploads/sites/2/2026/09/387155-UK_Allergen_Sign_Digital.pdf,"per menu item (Mains, sides, kids, treats, drinks, sauces)","created 29 July 2026, linked from https://www.chick-fil-a.co.uk/nutrition-allergens/","Only 5 UK restaurants on https://www.chick-fil-a.co.uk/locations/ (Liverpool, Kingston, Leeds, Templepatrick and Lisburn on the M1/M2 in Northern Ireland): below the 10-site threshold. Worth remembering: the single-page sheet has an energy (kcal) column and further numeric (g) columns (carbohydrate, apparently fat, protein: headings are rotated and I did not confirm all of them) next to the 14-allergen grid with may-contain, so it would be a GO candidate for a one-script extraction (about 30-40 products, text layer) if the chain reaches 10+ sites. robots.txt allows."
chow,NO-DATA,PDF allergen grid (text layer),https://moto-way.com/wp-content/uploads/2023/05/Chow-allergens-sheet-Updated-May-2023.pdf,n/a (allergens only),May 2023 (old),"Chow Asian Kitchen exists only at 'selected Moto locations' (no count published; roughly a handful of motorway services, Moto-only brand). The only document is a 1-page allergen grid (Y / M / * for 13 allergens, main dishes etc.) from May 2023; 0 hits for kcal/calorie/nutrition on it and on the brand page. Allergens only and old."
cluckd,CLOSED,"PNG menu image (1445 x 2560, no text layer) with '(NNN kcal)' beside each dish + allergen matrix PDF",https://cluckd.co.uk/wp-content/uploads/2026/09/Asset-2-1-scaled.png,"per dish as sold, kcal only (sauce/dip/flavour choices shown separately)",menu image uploaded September 2026; allergen PDF Feb 2026 (uploaded April 2026),"I looked at the menu image: about 85 items with kcal printed (1/4 and 1/2 chicken, wings, strips, 5 baste flavours, Exclusives, Pitta Club, Wraps, Top Buns, Loaded fries, Sides, Snacks, Dips, Shakes, Desserts, kids), calories only, no protein/carbs/fat. Would be NO-MACROS via OCR (GO-OCR style) with an allergen matrix PDF (names will differ from the image). BUT the site count is small: the homepage links only one branch page (/branch-locations/norwich/), discovery says Norwich, Leicester, Milton Keynes and OSM maps 3-4 sites, so CLOSED (count not confirmed: recheck if the founder knows it has 10+). Process note: cluckd.co.uk robots.txt has a stray top-line 'Crawl-delay: 10' outside any user-agent group (Disallow: empty for *); I fetched about 7 pages at about 1 request per second before noticing it and stopped there."
cornish-bakehouse,NO-MACROS,"PDF allergen matrix with a 'Calories' column (text layer): pasty and savouries PDF; separate PDFs for cakes, recipe items, cold drinks",https://www.cornish-bakehouse.com/s/Pasty-Savouries-Allergens.pdf,"per item as sold (one pasty, slice, sausage roll or bite), 'Calories' column with no unit printed (values such as Small Steak Pasty 544, Giant 1073 fit kcal)",pasty and savoury sheet 'Updated 27 January 2025' (PDF created 21 April 2026); cakes and recipe items sheets dated 25 January 2023,"About 37 savoury rows (pasties, slices, sausage rolls, bites, gourmet sausages; some are Christmas or seasonal) with calories and the 14-allergen grid (Y/M for may contain; names identical in the one table, so allergens are easy). About 14 shops (Bath, Bournemouth, Poole, Brighton, Bristol, Cardiff, Colchester, Exeter, Falmouth, Gloucester, Norwich, Swindon, Weymouth, Worcester), a business separate from Cornish Bakery. TRAPS: the cakes PDF (Jan 2023, 3 pages) prints calories 'per 100g' only (not usable); the cold-drinks PDF has an empty calories column; the recipe-items PDF was not opened; the Unit of the Calories column is not printed (check against a pasty's weight before publishing). Squarespace robots.txt allows these /s/ files for *. Small but clean: worth a quick extraction."
