name,category,calories,protein_g,carbs_g,fat_g,sat_fat_g,sugar_g,fiber_g,salt_g,energy_kj,weight_g,serving,page_url,contains,may_contain
The Full English,Breakfast,1109,,,,,,,,,,,https://www.johnlewis.com/our-services/restaurants,,
The Full Veggie,Breakfast,1018,,,,,,,,,,,https://www.johnlewis.com/our-services/restaurants,,
Crushed avocado on sourdough toast with poached egg and smoked salmon,Breakfast,427,,,,,,,,,,,https://www.johnlewis.com/our-services/restaurants,,
Breakfast sandwich in a brioche bun: British back bacon,Breakfast,588,,,,,,,,,,,https://www.johnlewis.com/our-services/restaurants,,
Breakfast sandwich in a brioche bun: British pork sausages,Breakfast,694,,,,,,,,,,,https://www.johnlewis.com/our-services/restaurants,,
Breakfast sandwich in a brioche bun: Meat-free sausages (vg),Breakfast,575,,,,,,,,,,,https://www.johnlewis.com/our-services/restaurants,,
Breakfast sandwich in a brioche bun: Free-range fried egg (v),Breakfast,785,,,,,,,,,,,https://www.johnlewis.com/our-services/restaurants,,
Battered cod & tartare sauce,Lunch,1169,,,,,,,,,,,https://www.johnlewis.com/our-services/restaurants,,
Beef & malbec bourguignon with pancetta,Lunch,513,,,,,,,,,,,https://www.johnlewis.com/our-services/restaurants,,
Steak and ale pie with a red wine gravy,Lunch,1050,,,,,,,,,,,https://www.johnlewis.com/our-services/restaurants,,
"Spinach, mushroom, chestnut and thyme pie with a red wine gravy (v)",Lunch,1068,,,,,,,,,,,https://www.johnlewis.com/our-services/restaurants,,
Cambodian style vegetable & coconut curry (vg),Lunch,522,,,,,,,,,,,https://www.johnlewis.com/our-services/restaurants,,
"Kale, pumpkin & cheddar quiche (v)",Lunch,497,,,,,,,,,,,https://www.johnlewis.com/our-services/restaurants,,
Butternut squash & caramelised onion frittata (v),Lunch,367,,,,,,,,,,,https://www.johnlewis.com/our-services/restaurants,,
Mediterranean style orzo bowl (v),Salads,620,,,,,,,,,,,https://www.johnlewis.com/our-services/restaurants,,
Moroccan inspired spiced chicken & couscous bowl,Salads,698,,,,,,,,,,,https://www.johnlewis.com/our-services/restaurants,,
Tomato pasta (vg),Children's Menu,254,,,,,,,,,,,https://www.johnlewis.com/our-services/restaurants,,
Cheese & tomato pasta (v),Children's Menu,357,,,,,,,,,,,https://www.johnlewis.com/our-services/restaurants,,
Chicken goujons & chunky chips,Children's Menu,405,,,,,,,,,,,https://www.johnlewis.com/our-services/restaurants,,
Battered cod with minted peas,Children's Menu,254,,,,,,,,,,,https://www.johnlewis.com/our-services/restaurants,,
"Children's sausage, mash & minted peas",Children's Menu,508,,,,,,,,,,,https://www.johnlewis.com/our-services/restaurants,,
"Children's tomato, mozzarella and pesto toastie (v)",Children's Menu,401,,,,,,,,,,,https://www.johnlewis.com/our-services/restaurants,,
Children's wiltshire ham & cheddar sourdough toastie,Children's Menu,419,,,,,,,,,,,https://www.johnlewis.com/our-services/restaurants,,
Children's tuna & mature cheddar sourdough toastie,Children's Menu,400,,,,,,,,,,,https://www.johnlewis.com/our-services/restaurants,,
"Tomato, mozzarella and pesto sourdough toastie",Toasties,802,,,,,,,,,,,https://www.johnlewis.com/our-services/restaurants,,
Wiltshire ham & cheddar sourdough toastie,Toasties,832,,,,,,,,,,,https://www.johnlewis.com/our-services/restaurants,,
Tuna & mature cheddar sourdough toastie,Toasties,799,,,,,,,,,,,https://www.johnlewis.com/our-services/restaurants,,
Egg mayo & cress soft baguette (v),Sandwiches,360,,,,,,,,,,,https://www.johnlewis.com/our-services/restaurants,,
Tuna mayo & cucumber soft baguette,Sandwiches,426,,,,,,,,,,,https://www.johnlewis.com/our-services/restaurants,,
"Houmous, butternut squash & red pepper wrap (vg)",Sandwiches,403,,,,,,,,,,,https://www.johnlewis.com/our-services/restaurants,,
Smoked salmon bagel,Sandwiches,362,,,,,,,,,,,https://www.johnlewis.com/our-services/restaurants,,
"Ham, mature cheddar & red onion chutney baguette",Sandwiches,842,,,,,,,,,,,https://www.johnlewis.com/our-services/restaurants,,
Hot honey chicken baguette,Sandwiches,652,,,,,,,,,,,https://www.johnlewis.com/our-services/restaurants,,
