item_id,file,source_url,retrieved_on
apple-sours-large,6939f5043082.webp,https://dunkin.co.uk/apple-sours,2026-10-08
apple-sours-medium,6939f5043082.webp,https://dunkin.co.uk/apple-sours,2026-10-08
apple-sours-small,6939f5043082.webp,https://dunkin.co.uk/apple-sours,2026-10-08
banoffee-pie,a29625f3214e.webp,https://dunkin.co.uk/banoffee-pie,2026-10-08
boston-kreme,5e081a9a5a62.webp,https://dunkin.co.uk/boston-Kreme-vegan,2026-10-08
butter-croissant,8c4f9e3fb068.webp,https://dunkin.co.uk/butter-croissant,2026-10-08
cappuccino-large,e9404730127c.webp,https://dunkin.co.uk/cappuccino,2026-10-08
cappuccino-medium,e9404730127c.webp,https://dunkin.co.uk/cappuccino,2026-10-08
cappuccino-small,e9404730127c.webp,https://dunkin.co.uk/cappuccino,2026-10-08
caramel-fudge-frappe-large,069304f6b4bc.webp,https://dunkin.co.uk/caramel-fudge-frappe,2026-10-08
caramel-fudge-frappe-medium,069304f6b4bc.webp,https://dunkin.co.uk/caramel-fudge-frappe,2026-10-08
caramel-fudge-frappe-small,069304f6b4bc.webp,https://dunkin.co.uk/caramel-fudge-frappe,2026-10-08
cherry-sours-large,daf3e41de504.webp,https://dunkin.co.uk/cherry-sours,2026-10-08
cherry-sours-medium,daf3e41de504.webp,https://dunkin.co.uk/cherry-sours,2026-10-08
cherry-sours-small,daf3e41de504.webp,https://dunkin.co.uk/cherry-sours,2026-10-08
chocolate-cookie-frappe-large,7ccc5d9e9e06.webp,https://dunkin.co.uk/chocolate-cookie-frappe,2026-10-08
chocolate-cookie-frappe-medium,7ccc5d9e9e06.webp,https://dunkin.co.uk/chocolate-cookie-frappe,2026-10-08
chocolate-cookie-frappe-small,7ccc5d9e9e06.webp,https://dunkin.co.uk/chocolate-cookie-frappe,2026-10-08
chocolate-croissant,277d80864c1f.webp,https://dunkin.co.uk/chocolate-croissant,2026-10-08
chocolate-monster,a0aa835d9acf.webp,https://dunkin.co.uk/chocolate-monster,2026-10-08
chocolate-pistachio,079fdb52d469.webp,https://dunkin.co.uk/chocolate-pistachio,2026-10-08
coffee-frappe-large,40b28a25ca1d.webp,https://dunkin.co.uk/coffee-frappe,2026-10-08
coffee-frappe-medium,40b28a25ca1d.webp,https://dunkin.co.uk/coffee-frappe,2026-10-08
coffee-frappe-small,40b28a25ca1d.webp,https://dunkin.co.uk/coffee-frappe,2026-10-08
double-chocolate-cookie,c9fbd72ede0e.webp,https://dunkin.co.uk/double-chocolate-cookie-1,2026-10-08
drac,c61f5e5e6de9.webp,https://dunkin.co.uk/drac-1,2026-10-08
dubai-chocolate-mocha-cold-large,813e44743909.webp,https://dunkin.co.uk/dubai-chocolate-mocha-1,2026-10-08
dubai-chocolate-mocha-cold-medium,813e44743909.webp,https://dunkin.co.uk/dubai-chocolate-mocha-1,2026-10-08
dubai-chocolate-mocha-cold-small,813e44743909.webp,https://dunkin.co.uk/dubai-chocolate-mocha-1,2026-10-08
dubai-chocolate-mocha-hot-large,700d6b39c314.webp,https://dunkin.co.uk/dubai-chocolate-mocha-2,2026-10-08
dubai-chocolate-mocha-hot-medium,700d6b39c314.webp,https://dunkin.co.uk/dubai-chocolate-mocha-2,2026-10-08
dubai-chocolate-mocha-hot-small,700d6b39c314.webp,https://dunkin.co.uk/dubai-chocolate-mocha-2,2026-10-08
flat-white-small,cb2f452c4134.webp,https://dunkin.co.uk/flat-white,2026-10-08
frank,eae5f69a3337.webp,https://dunkin.co.uk/frank-1,2026-10-08
hot-chocolate-large,ac1a8f276f57.webp,https://dunkin.co.uk/hot-chocolate,2026-10-08
hot-chocolate-medium,ac1a8f276f57.webp,https://dunkin.co.uk/hot-chocolate,2026-10-08
hot-chocolate-small,ac1a8f276f57.webp,https://dunkin.co.uk/hot-chocolate,2026-10-08
iced-cappuccino-large,db78674bedeb.webp,https://dunkin.co.uk/iced-cappuccino,2026-10-08
iced-cappuccino-medium,db78674bedeb.webp,https://dunkin.co.uk/iced-cappuccino,2026-10-08
iced-cappuccino-small,db78674bedeb.webp,https://dunkin.co.uk/iced-cappuccino,2026-10-08
iced-caramel-macchiato-large,8066faaaf6fd.webp,https://dunkin.co.uk/iced-caramel-macchiato-1,2026-10-08
iced-caramel-macchiato-medium,8066faaaf6fd.webp,https://dunkin.co.uk/iced-caramel-macchiato-1,2026-10-08
iced-caramel-macchiato-small,8066faaaf6fd.webp,https://dunkin.co.uk/iced-caramel-macchiato-1,2026-10-08
iced-chocolate-large,d3c3c4f4e1b9.webp,https://dunkin.co.uk/iced-chocolate,2026-10-08
iced-chocolate-medium,d3c3c4f4e1b9.webp,https://dunkin.co.uk/iced-chocolate,2026-10-08
iced-chocolate-small,d3c3c4f4e1b9.webp,https://dunkin.co.uk/iced-chocolate,2026-10-08
iced-shaken-espresso-large,c7ef41bb62e7.webp,https://dunkin.co.uk/iced-shaken-espresso-1,2026-10-08
iced-shaken-espresso-medium,c7ef41bb62e7.webp,https://dunkin.co.uk/iced-shaken-espresso-1,2026-10-08
iced-shaken-espresso-small,c7ef41bb62e7.webp,https://dunkin.co.uk/iced-shaken-espresso-1,2026-10-08
mango-pineapple-daydream-refresher-large,543db6ecca38.webp,https://dunkin.co.uk/mango-pineapple-daydream-refresher-1,2026-10-08
mango-pineapple-daydream-refresher-medium,543db6ecca38.webp,https://dunkin.co.uk/mango-pineapple-daydream-refresher-1,2026-10-08
mango-pineapple-daydream-refresher-small,543db6ecca38.webp,https://dunkin.co.uk/mango-pineapple-daydream-refresher-1,2026-10-08
maple-praline,de77630d5b30.webp,https://dunkin.co.uk/maple-praline,2026-10-08
mojito-citrus-zest-red-bull-infusion-medium,9383d1b2bfb2.webp,https://dunkin.co.uk/mojito-citrus-zest-red-bull-infusion,2026-10-08
oatmeal-cookie,d11a596d77e2.webp,https://dunkin.co.uk/oatmeal-cookie-1,2026-10-08
orange-sours-large,da61f483e3b6.webp,https://dunkin.co.uk/orange-sours,2026-10-08
orange-sours-medium,da61f483e3b6.webp,https://dunkin.co.uk/orange-sours,2026-10-08
orange-sours-small,da61f483e3b6.webp,https://dunkin.co.uk/orange-sours,2026-10-08
original-glazed-og,2a008ee69e44.webp,https://dunkin.co.uk/original-glazed-vegan,2026-10-08
pumpkin-matcha-oat-latte-large,46573c5f2b2f.webp,https://dunkin.co.uk/pumpkin-matcha-oat-latte-1,2026-10-08
pumpkin-matcha-oat-latte-medium,46573c5f2b2f.webp,https://dunkin.co.uk/pumpkin-matcha-oat-latte-1,2026-10-08
pumpkin-matcha-oat-latte-small,46573c5f2b2f.webp,https://dunkin.co.uk/pumpkin-matcha-oat-latte-1,2026-10-08
pumpkin-patch-cloud-latte-large,934983c0879a.webp,https://dunkin.co.uk/pumpkin-patch-cloud-latte,2026-10-08
pumpkin-patch-cloud-latte-medium,934983c0879a.webp,https://dunkin.co.uk/pumpkin-patch-cloud-latte,2026-10-08
pumpkin-patch-cloud-latte-small,934983c0879a.webp,https://dunkin.co.uk/pumpkin-patch-cloud-latte,2026-10-08
pumpkin-spiced-latte-cold-large,d580afdfe745.webp,https://dunkin.co.uk/pumpkin-spiced-latte-3,2026-10-08
pumpkin-spiced-latte-cold-medium,d580afdfe745.webp,https://dunkin.co.uk/pumpkin-spiced-latte-3,2026-10-08
pumpkin-spiced-latte-cold-small,d580afdfe745.webp,https://dunkin.co.uk/pumpkin-spiced-latte-3,2026-10-08
pumpkin-spiced-latte-hot-large,b2b1e583c8da.webp,https://dunkin.co.uk/pumpkin-spiced-latte-4,2026-10-08
pumpkin-spiced-latte-hot-medium,b2b1e583c8da.webp,https://dunkin.co.uk/pumpkin-spiced-latte-4,2026-10-08
pumpkin-spiced-latte-hot-small,b2b1e583c8da.webp,https://dunkin.co.uk/pumpkin-spiced-latte-4,2026-10-08
raspberry-and-white-chocolate,092494b98763.webp,https://dunkin.co.uk/raspberry-white-chocolate,2026-10-08
raspberry-and-white-chocolate-cookie,3c6b5754fa55.webp,https://dunkin.co.uk/raspberry-white-chocolate-cookie-1,2026-10-08
rocky-road,8066760110b9.webp,https://dunkin.co.uk/rocky-road,2026-10-08
sid,b52fa611e55f.webp,https://dunkin.co.uk/sid-1,2026-10-08
smiley,3846c44f5d04.webp,https://dunkin.co.uk/mr-happy,2026-10-08
smores,7e3996038b85.webp,https://dunkin.co.uk/s-mores,2026-10-08
strawberry-and-white-chocolate-iced-matcha-large,fbef8e30745a.webp,https://dunkin.co.uk/strawberry-white-chocolate-iced-matcha,2026-10-08
strawberry-and-white-chocolate-iced-matcha-medium,fbef8e30745a.webp,https://dunkin.co.uk/strawberry-white-chocolate-iced-matcha,2026-10-08
strawberry-and-white-chocolate-iced-matcha-small,fbef8e30745a.webp,https://dunkin.co.uk/strawberry-white-chocolate-iced-matcha,2026-10-08
strawberry-dragon-fruit-daydream-refresher-large,1f9e89345576.webp,https://dunkin.co.uk/strawberry-dragon-fruit-daydream-refresher-1,2026-10-08
strawberry-dragon-fruit-daydream-refresher-medium,1f9e89345576.webp,https://dunkin.co.uk/strawberry-dragon-fruit-daydream-refresher-1,2026-10-08
strawberry-dragon-fruit-daydream-refresher-small,1f9e89345576.webp,https://dunkin.co.uk/strawberry-dragon-fruit-daydream-refresher-1,2026-10-08
strawberry-rainbow,d4bdf015afc2.webp,https://dunkin.co.uk/strawberry-rainbow-vegan,2026-10-08
strawberry-shortcake-frappe-large,31c58844e9ca.webp,https://dunkin.co.uk/strawberry-shortcake-frappe,2026-10-08
strawberry-shortcake-frappe-medium,31c58844e9ca.webp,https://dunkin.co.uk/strawberry-shortcake-frappe,2026-10-08
strawberry-shortcake-frappe-small,31c58844e9ca.webp,https://dunkin.co.uk/strawberry-shortcake-frappe,2026-10-08
toasted-marshmallow-iced-matcha-large,1e32f15cbfa9.webp,https://dunkin.co.uk/toasted-marshmallow-iced-matcha,2026-10-08
toasted-marshmallow-iced-matcha-medium,1e32f15cbfa9.webp,https://dunkin.co.uk/toasted-marshmallow-iced-matcha,2026-10-08
toasted-marshmallow-iced-matcha-small,1e32f15cbfa9.webp,https://dunkin.co.uk/toasted-marshmallow-iced-matcha,2026-10-08
toffee-apple-iced-matcha-large,61df77f5fbac.webp,https://dunkin.co.uk/toffee-apple-iced-matcha-1,2026-10-08
toffee-apple-iced-matcha-medium,61df77f5fbac.webp,https://dunkin.co.uk/toffee-apple-iced-matcha-1,2026-10-08
toffee-apple-iced-matcha-small,61df77f5fbac.webp,https://dunkin.co.uk/toffee-apple-iced-matcha-1,2026-10-08
