id,contains,may_contain,cereals,nuts
smoked-streaky-bacon-bun,gluten|milk,,,
the-jolly-hog-sausage-bun,gluten|milk|sulphites,,,
veggie-sausage-bun,gluten|milk|soya|sulphites,mustard,,
early-riser,eggs|gluten|milk|sulphites,,,
veggie-early-riser,eggs|gluten|milk,,,
brightside-breakfast,eggs|gluten|milk|sulphites,mustard|soya,,
the-big-breakfast,eggs|gluten|milk|sulphites,mustard|soya,barley|oats|wheat,
veggie-breakfast,eggs|gluten|milk,mustard|soya|sulphites,,
the-big-veggie-breakfast,eggs|gluten|milk|soya|sulphites,mustard,,
vegan-breakfast,gluten|soya|sulphites,mustard,,
buttered-sourdough-toast,gluten|milk,,,
buttered-sourdough-toast-with-strawberry-jam,gluten|milk,,,
buttered-sourdough-toast-with-marmalade,gluten|milk,,,
buttered-sourdough-toast-with-marmite,celery|gluten|milk,,barley|oats|rye|wheat,
smashed-avo-toast,eggs|gluten|milk,celery|mustard|sesame,,
hot-honey-fried-chicken-waffle,eggs|gluten|milk|soya,celery|fish|mustard|sesame,wheat,
champion-breakfast-hash,eggs|milk|mustard|sulphites,celery|fish|sesame|soya,,
smoked-salmon-and-avo-brunch,eggs|fish|milk,celery|mustard|sesame|soya|sulphites,,
bacon-and-maple-pancakes,eggs|gluten|milk|soya,nuts|peanuts|sulphites,wheat,
berries-and-maple-mascarpone-pancakes,eggs|gluten|milk|soya,nuts|peanuts|sulphites,wheat,
maple-pancakes,eggs|gluten|milk|soya,nuts|peanuts|sulphites,wheat,
brightside-burger,eggs|gluten|mustard|sesame|soya,nuts|sulphites,,
bacon-and-cheeseburger,eggs|gluten|milk|mustard|sesame|soya,nuts|sulphites,,
dirty-brisket-burger,eggs|gluten|milk|sesame|soya,mustard|nuts|sulphites,,
buttermilk-chicken-burger,eggs|gluten|milk|mustard|sesame|soya,fish|nuts|sulphites,,
chicken-kyiv-burger,eggs|gluten|milk|mustard|sesame|soya,fish|nuts|sulphites,,
beyond-cheeseburger,gluten|mustard|sesame|soya,milk|nuts|sulphites,,
brightside-brisket-chilli,celery|milk,mustard|nuts|peanuts|sesame,,
louisiana-fried-chicken,eggs|milk,fish|mustard|soya|sulphites,,
fish-and-chips,eggs|fish|milk|mustard,soya|sulphites,,
treacle-ham-egg-and-chips,eggs,mustard|soya|sulphites,,
chicken-bacon-and-avo-salad,eggs|fish|milk|sesame|soya,,,
hot-honey-halloumi-salad,milk|mustard|sesame|soya,celery|gluten|nuts|peanuts|sulphites,,
tuna-melt-toastie,fish|gluten|milk|mustard,,,
grilled-cheese-toastie,gluten|milk|mustard|sulphites,,,
cheese-and-bacon-toastie,gluten|milk|mustard|sulphites,,,
brisket-chilli-toastie,celery|gluten|milk|mustard,nuts|peanuts|sesame,,
margherita-pizza-adult,gluten|milk,,rye|wheat,
pepperoni-pizza,gluten|milk,,rye|wheat,
the-meaty-one-pizza,gluten|milk|sulphites,celery|mustard|sesame,rye|wheat,
smokehouse-bbq-chicken-pizza,eggs|gluten|milk|mustard,fish|sesame|sulphites,rye|wheat,
the-veggie-one-pizza,gluten|milk,,rye|wheat,
cheesy-garlic-dough-balls,gluten|milk,,rye|wheat,
pepperoni-dough-balls,gluten|milk,celery|mustard|sesame,rye|wheat,
pizza-dips,mustard,eggs|fish|milk|sesame|sulphites,,
roasted-garlic-mayo-dip,mustard,,,
chipotle-mayo-dip,mustard,,,
smoked-chilli-ketchup-dip,,,,
smoky-bbq-dip,mustard,eggs|fish|milk|sesame|sulphites,,
chunky-chips,,mustard|soya|sulphites,,
french-fries,,mustard|soya|sulphites,,
sweet-potato-fries,,mustard|soya|sulphites,,
corn-ribs,milk,celery|mustard|sesame,,
halloumi-fries,milk,celery|eggs|mustard|sesame,,
macaroni-cheese,gluten|milk|mustard,nuts|sesame,wheat,
onion-rings,gluten,fish|milk|mustard|soya,,
tenderstem-broccoli,,celery|mustard|sesame,,
sunny-side-salad,milk,,,
berry-messy-sundae,eggs|gluten|milk|soya,mustard|nuts|peanuts,,
chocolate-fudge-brownie-sundae,eggs|gluten|milk|soya,mustard|nuts|peanuts|sesame|sulphites,,
banoffee-crumble-sundae,gluten|milk|soya,eggs|mustard|nuts|peanuts|sulphites,,
brightside-biscoff-popcorn-sundae,gluten|milk|soya,eggs|mustard|nuts|peanuts|sulphites,,
brightside-brownie,eggs|milk|soya,nuts|peanuts|sesame|sulphites,,
chocolate-and-raspberry-torte,soya,eggs|gluten|milk|nuts|peanuts|sesame|sulphites,,
cookie-dough-and-ice-cream,eggs|gluten|milk|soya,mustard|nuts|peanuts,,
berry-waffle-whip,eggs|gluten|milk|soya,nuts,wheat,
brownie-slice,eggs|milk|soya,nuts|peanuts|sesame|sulphites,,
carrot-cake,gluten|soya,eggs|milk|nuts|peanuts|sesame|sulphites,,
toasted-teacake,gluten|milk,eggs|nuts|sesame|soya,wheat,
waffle-and-ice-cream,eggs|gluten|milk|soya,,wheat,
waffle-and-ice-cream-with-raspberry-coulis,eggs|gluten|milk|soya,,wheat,
waffle-and-ice-cream-with-chocolate-sauce,eggs|gluten|milk|soya,,wheat,
waffle-and-ice-cream-with-caramel-sauce,eggs|gluten|milk|soya,sulphites,wheat,
waffle-and-ice-cream-with-biscoff-sauce,eggs|gluten|milk|soya,,wheat,
hummus-breadsticks-and-crunchy-carrot-sticks-pot,gluten|sesame,milk|soya|sulphites,wheat,
gf-hummus-and-crunchy-carrot-sticks-pot,sesame,,,
bright-sparks-breakfast,eggs|gluten|milk|sulphites,mustard|soya,,
bright-sparks-veggie-breakfast,eggs|gluten|milk|soya|sulphites,mustard,,
banana-and-berry-pancakes,eggs|gluten|milk|soya,nuts|peanuts|sulphites,wheat,
maple-syrup-pancakes,eggs|gluten|milk|soya,nuts|peanuts|sulphites,wheat,
macaroni-cheese-with-peas,gluten|milk|mustard,nuts|sesame,wheat,
margherita-pizza-kids,gluten|milk,,rye|wheat,
spicy-pepperoni-pizza,gluten|milk,,rye|wheat,
gf-bright-sparks-breakfast,eggs|milk|sulphites,mustard|soya,,
gf-bright-sparks-veggie-breakfast,eggs|milk|soya|sulphites,mustard,,
vegan-margherita-pizza-kids,gluten,,rye|wheat,
beef-burger,gluten|sesame|soya,nuts,,
chicken-burger,gluten|sesame|soya,nuts,,
grilled-herby-chicken,,,,
breaded-chicken-strips,gluten|soya,fish|milk|mustard,,
sausage,sulphites,,,
fish-fingers,fish|gluten,crustaceans|milk|molluscs|mustard|soya,,
gf-beef-burger,,,,
gf-grilled-herby-chicken,,,,
gf-sausage,sulphites,,,
vegan-sausage,soya|sulphites,mustard,,
with-baked-beans,,,,
with-peas,,,,
with-french-fries,,mustard|soya|sulphites,,
with-sweet-potato-fries,,mustard|soya|sulphites,,
with-tenderstem-broccoli,,,,
chocolate-brownie,eggs|milk|soya,nuts|peanuts|sesame|sulphites,,
soft-serve-ice-cream,gluten|milk|soya,eggs|mustard|nuts|peanuts,,
gf-soft-serve-ice-cream,milk,,,
kids-sundae-and-toppings,gluten|milk|soya,eggs|mustard|nuts|peanuts|sulphites,,
kids-gf-sundae-and-toppings,milk|soya,sulphites,,
chocolate-shavings-topping,soya,milk,,
biscoff-crumb-topping,gluten|soya,,wheat,
popping-candy-topping,milk,,,
chocolate-sauce,milk|soya,,,
salted-caramel-sauce,milk,sulphites,,
raspberry-sauce,,,,
add-whole-mushroom,,,,
add-pancake,eggs|gluten|milk|soya,nuts|peanuts|sulphites,wheat,
add-jolly-hog-sausage,sulphites,,,
add-toasted-sourdough-with-butter,gluten|milk,,,
add-half-an-avocado,,,,
streaky-bacon,,,,
add-black-pudding,gluten,,barley|oats|wheat,
add-baked-beans,,,,
add-berry-compote,,,,
add-beef-brisket,,,,
add-buttermilk-fried-chicken,eggs|milk,fish|mustard,,
add-caramelised-onion,soya,,,
add-cheese-slices-2,milk,,,
add-cheddar-grated,milk,,,
add-cherry-tomato-compote,,,,
add-chorizo,,,,
add-feta,milk,,,
add-fried-egg,eggs,,,
add-guacamole,,,,
add-herb-chicken-breakfast-and-burger,,,,
add-grilled-halloumi,milk,,,
add-hash-browns-3,,mustard|soya|sulphites,,
add-hummus,sesame,,,
add-jalape-os,,,,
add-maple-syrup,,,,
add-poached-egg,eggs,,,
add-scrambled-eggs-2,eggs|milk,,,
add-3oz-smashed-patty,,,,
add-smoked-salmon,fish,,,
add-wilted-spinach,,,,
add-veggie-sausage,soya|sulphites,mustard,,
add-waffle,eggs|gluten|soya,milk,wheat,
add-french-fries,,mustard|soya|sulphites,,
add-sweet-potato-fries,,mustard|soya|sulphites,,
add-bacon-pieces,,,,
add-capers,,,,
add-herb-chicken-pizza,,,,
add-hot-honey,,,,
add-pepperoni,,,,
add-pineapple,,,,
add-red-onion,,,,
add-rocket,,,,
add-sausage-slices,sulphites,,,
add-sliced-mushrooms,,,,
extra-mozzarella,milk,,,
add-sweetcorn-adult,,,,
add-red-peppers-adult,,,,
extra-vegan-mayo,mustard,,,
extra-garlic-mayo,mustard,,,
extra-bbq-sauce,mustard,eggs|fish|milk|sesame|sulphites,,
extra-maple-syrup,,,,
espresso,,,,
americano-black,,,,
americano-white,milk,,,
americano-soy,soya,,,
americano-oat,gluten,,oats,
flat-white,milk,,,
flat-white-soy,soya,,,
flat-white-oat,gluten,,oats,
latte,milk,,,
latte-soy,soya,,,
latte-oat,gluten,,oats,
cappuccino,milk,soya,,
cappuccino-soy,soya,,,
cappuccino-oat,gluten,soya,oats,
mocha,milk,soya,,
mocha-soy,soya,,,
mocha-oat,gluten,soya,oats,
iced-coffee-white,milk,,,
iced-coffee-soy,soya,,,
iced-coffee-oat,gluten,,oats,
hot-chocolate,milk,soya,,
hot-chocolate-soy,soya,,,
hot-chocolate-oat,gluten,soya,oats,
chai-latte,milk,,,
chai-latte-soy,soya,,,
chai-latte-oat,gluten,,oats,
affogato,milk,,,
babyccino,milk,soya,,
babyccino-soy,soya,,,
babyccino-oat,gluten,soya,oats,
add-whipped-cream,milk,,,
english-breakfast-tea-black,,,,
english-breakfast-tea-white,milk,,,
english-breakfast-tea-soy,soya,,,
english-breakfast-tea-oat,gluten,,oats,
decaf-tea-black,,,,
decaf-tea-white,milk,,,
decaf-tea-soy,soya,,,
decaf-tea-oat,gluten,,oats,
clifton-tea-co-herbal-teas,,,,
london-fog,milk,,,
london-fog-soy,soya,,,
london-fog-oat,gluten,,oats,
iced-london-fog,milk,,,
iced-london-fog-soy,soya,,,
iced-london-fog-oat,gluten,,oats,
cola-float-homemade-drinks,milk,,,
elderflower-cooler,,,,
raspberry-cooler,,,,
cherry-cola,,,,
vanilla-cola,,,,
chocolate-thick-shake,gluten|milk,sesame|soya,wheat,
banana-thick-shake,gluten|milk,nuts,wheat,
salted-caramel-thick-shake,gluten|milk,sesame|sulphites,wheat,
strawberry-thick-shake,gluten|milk|soya,eggs|nuts,wheat,
biscoff-thick-shake,gluten|milk|soya,,wheat,
mocha-thick-shake,gluten|milk,sesame|soya,wheat,
coffee-thick-shake,milk,soya,,
gf-chocolate-thick-shake,milk,soya,,
gf-salted-caramel-thick-shake,milk,sulphites,,
gf-strawberry-thick-shake,milk,,,
kids-chocolate-extra-thick-milkshake,gluten|milk,sesame|soya,wheat,
kids-strawberry-extra-thick-milkshake,gluten|milk|soya,eggs|nuts,wheat,
kids-banana-extra-thick-milkshake,gluten|milk,nuts,wheat,
kids-caramel-extra-thick-milkshake,gluten|milk,sesame|sulphites,wheat,
kids-biscoff-extra-thick-milkshake,gluten|milk|soya,,wheat,
gf-kids-chocolate-extra-thick-milkshake,milk,soya,,
gf-kids-strawberry-extra-thick-milkshake,milk,,,
cola-float-kids,milk,,,
cola-small,,,,
cola-large,,,,
diet-cola-small,,,,
diet-cola-large,,,,
lemonade-small,,,,
lemonade-large,,,,
pure-orange-juice-small,,,,
pure-orange-juice-large,,,,
smooth-orange-juice-small,,,,
smooth-orange-juice-large,,,,
apple-juice-small,,,,
apple-juice-large,,,,
cranberry-juice-small,,,,
cranberry-juice-large,,,,
pineapple-juice-small,,,,
pineapple-juice-large,,,,
tomato-juice-small,celery|gluten|mustard,,barley,
tomato-juice-large,celery|gluten|mustard,,barley,
lemonade-and-blackcurrant-small,,,,
lemonade-and-blackcurrant-large,,,,
lemonade-and-lime-small,,,,
lemonade-and-lime-large,,,,
lemonade-and-orange-juice-small,,,,
lemonade-and-orange-juice-large,,,,
blackcurrant-and-soda-small,,,,
blackcurrant-and-soda-large,,,,
lime-and-soda-small,,,,
lime-and-soda-large,,,,
strawberry-smash,,,,
watermelon-and-rose-bloom,,,,
moretti-blade-4-6,gluten,,barley,
dash-cola,,,,
dash-diet-cola,,,,
dash-lemonade,,,,
dash-apple-juice,,,,
dash-cranberry-juice,,,,
dash-pineapple-juice,,,,
dash-tomato-juice,celery|gluten|mustard,,barley,
dash-lime-soda,,,,
dash-blackcurrant-cordial,,,,
dash-lime-cordial,,,,
vegan-buttered-sourdough-toast,gluten,,,
vegan-buttered-sourdough-toast-with-strawberry-jam,gluten,,,
vegan-buttered-sourdough-toast-with-marmalade,gluten,,,
vegan-buttered-sourdough-toast-with-marmite,celery|gluten,,barley|oats|rye|wheat,
vegan-sausage-bun,gluten|soya|sulphites,mustard,,
vegan-smashed-avocado-toast,gluten,celery|mustard|sesame,,
vegan-garden-grain-bowl,mustard|sesame|soya,celery|gluten|nuts|peanuts|sulphites,,
vegan-beyond-cheeseburger,gluten|mustard|sesame|soya,milk|nuts|sulphites,,
vegan-margherita-pizza-adult,gluten,,rye|wheat,
vegan-chunky-chips,,mustard|soya|sulphites,,
vegan-french-fries,,mustard|soya|sulphites,,
vegan-sweet-potato-fries,,mustard|soya|sulphites,,
vegan-tenderstem-broccoli,,celery|mustard|sesame,,
vegan-chocolate-and-raspberry-torte,soya,eggs|gluten|milk|nuts|peanuts|sesame|sulphites,,
vegan-carrot-cake,gluten|soya,eggs|milk|nuts|peanuts|sesame|sulphites,,
gf-smoked-streaky-bacon-bun,milk,,,
gf-jolly-hog-sausage-bun,milk|sulphites,,,
gf-veggie-sausage-bun,milk|soya|sulphites,mustard,,
gf-vegan-sausage-bun,soya|sulphites,mustard,,
gf-early-riser,eggs|milk|sulphites,,,
gf-veggie-early-riser,eggs|milk,,,
gf-brightside-breakfast,eggs|milk|sulphites,mustard|soya,,
gf-big-breakfast,eggs|milk|sulphites,mustard|soya,,
gf-veggie-breakfast,eggs|milk,mustard|soya|sulphites,,
gf-big-veggie-breakfast,eggs|milk|soya|sulphites,mustard,,
gf-vegan-breakfast,soya|sulphites,mustard,,
gf-buttered-toast,milk,,,
gf-buttered-toast-with-strawberry-jam,milk,,,
gf-buttered-toast-with-marmalade,milk,,,
gf-vegan-buttered-toast,,,,
gf-vegan-buttered-toast-with-strawberry-jam,,,,
gf-vegan-buttered-toast-with-marmalade,,,,
gf-smashed-avo-toast,eggs|milk,celery|mustard|sesame,,
vegan-and-gf-smashed-avo-toast,,celery|mustard|sesame,,
gf-champion-breakfast-hash,eggs|milk|mustard|sulphites,celery|fish|sesame|soya,,
gf-smoked-salmon-and-avo-brunch,eggs|fish|milk,celery|mustard|sesame|soya|sulphites,,
gf-tuna-melt-toastie,fish|milk|mustard,,,
gf-grilled-cheese-toastie,milk|mustard|sulphites,,,
gf-cheese-and-bacon-toastie,milk|mustard|sulphites,,,
gf-brisket-chilli-toastie,celery|milk|mustard,nuts|peanuts|sesame,,
gf-brightside-burger,eggs|mustard|soya,sulphites,,
gf-bacon-and-cheeseburger,eggs|milk|mustard|soya,sulphites,,
gf-dirty-brisket-burger,eggs|milk|soya,mustard|sulphites,,
gf-buttermilk-chicken-burger,eggs|milk|mustard,fish|soya|sulphites,,
gf-chicken-kyiv-burger,eggs|milk|mustard,fish|soya|sulphites,,
gf-beyond-cheeseburger,mustard,milk|soya|sulphites,,
gf-brightside-brisket-chilli,celery|milk,mustard|nuts|peanuts|sesame,,
gf-louisiana-fried-chicken,eggs|milk,fish|mustard|soya|sulphites,,
gf-fish-and-chips,eggs|fish|milk|mustard,soya|sulphites,,
gf-treacle-ham-egg-and-chips,eggs,mustard|soya|sulphites,,
gf-chicken-bacon-and-avocado-salad,eggs|fish|milk|sesame|soya,,,
gf-hot-honey-halloumi-salad,milk|mustard|sesame|soya,celery|gluten|nuts|peanuts|sulphites,,
gf-chunky-chips,,mustard|soya|sulphites,,
gf-french-fries,,mustard|soya|sulphites,,
gf-sweet-potato-fries,,mustard|soya|sulphites,,
gf-corn-ribs,milk,celery|mustard|sesame,,
gf-halloumi-fries,milk,celery|eggs|mustard|sesame,,
gf-tenderstem-broccoli,,celery|mustard|sesame,,
gf-sunny-side-salad,milk,,,
gf-berry-messy-sundae,eggs|milk,nuts,,
gf-brightside-brownie,eggs|milk|soya,nuts|peanuts|sesame|sulphites,,
gf-chocolate-and-raspberry-torte,soya,eggs|gluten|milk|nuts|peanuts|sesame|sulphites,,
gf-brownie-slice,eggs|milk|soya,nuts|peanuts|sesame|sulphites,,
add-spinach,,,,
add-tomatoes,,,,
add-sweetcorn-kids,,,,
add-red-peppers-kids,,,,
banana-topping,,,,
bourbon-biscuit-topping,gluten,milk|sesame,wheat,
brownie-topping,eggs|milk|soya,nuts|peanuts|sesame|sulphites,,
strawberry-topping,,,,
meringue-topping,eggs,,,
