id,name,category,serving,calories,protein_g,carbs_g,fat_g,sat_fat_g,sodium_mg,salt_g,sugar_g,fiber_g,energy_kj,weight_g,mono_fat_g,poly_fat_g,trans_fat_g,caffeine_mg,tags,limited_time,rankable,components,added_on,notes
frickles,Frickles,Starters,,118,1,12,14,0,,1,11,1,,,,,,,,false,false,,,
corn-ribs,Corn Ribs,Starters,,325,7,24,41,6,,0,9,1,,,,,,,vegetarian,false,false,,,Also listed under Veggie / Vegan Starters with identical numbers; one row kept.
trash-browns,Trash Browns,Starters,,486,5,57,25,3,,1,14,5,,,,,,,contains_pork,false,false,,,"Also listed under Veggie / Vegan Starters with identical numbers; one row kept. Listed under Veggie / Vegan Starters, but it contains the Cheesy Garlic Crumb that the Special menu page calls a 'cheesy garlic bacon crumb'; not tagged vegetarian. Contains the Cheesy Garlic Crumb, which the Special menu page calls a 'cheesy garlic bacon crumb'; tagged contains_pork."
cheeseballs,Cheeseballs,Starters,,789,51,8,70,29,,3,7,0,,,,,,,vegetarian,false,false,,,Also listed under Veggie / Vegan Starters with identical numbers; one row kept.
freddies-fingers-buffalo,Freddies Fingers: Buffalo,Starters,,521,66,7,35,3,,1,5,0,,,,,,,,false,false,,,Printed 521 kcal vs 607 kcal from its own macros (17% off); entered as printed.
freddies-fingers-crack,Freddies Fingers: Crack,Starters,,572,69,3,37,5,,0,0,0,,,,,,,,false,false,,,
freddies-fingers-white-rabbit,Freddies Fingers: White Rabbit,Starters,,453,65,13,15,8,,0,13,0,,,,,,,,false,false,,,
vegan-frickles,Vegan Frickles,Starters,,118,1,12,14,0,,1,11,1,,,,,,,vegetarian,false,false,,,
plain-ayli-beef,Plain Ayli Beef,Beef burgers,,509,48,41,14,6,,0,4,2,,,,,,,contains_beef,false,true,,,
big-poppa,Big Poppa,Beef burgers,,738,51,62,28,8,,0,20,2,,,,,,,contains_pork|contains_beef,false,true,,,"Contains the Cheesy Garlic Crumb, which the Special menu page calls a 'cheesy garlic bacon crumb'; tagged contains_pork."
american,American,Beef burgers,,592,51,54,18,7,,1,15,2,,,,,,,contains_beef,false,true,,,
wild-bill,Wild Bill,Beef burgers,,854,57,60,42,10,,1,11,3,,,,,,,contains_pork|contains_beef,false,true,,,
uncle-phil,Uncle Phil,Beef burgers,,839,56,48,40,16,,0,7,2,,,,,,,contains_beef,false,true,,,
fat-hippo,Fat Hippo,Beef burgers,,906,58,68,46,10,,1,16,2,,,,,,,contains_pork|contains_beef,false,true,,,
born-slippy,Born Slippy,Beef burgers,,787,54,68,36,8,,0,28,2,,,,,,,contains_pork|contains_beef,false,true,,,
plain-ayli-chicken,Plain Ayli - Chicken,Chicken burgers,,413,43,41,7,3,,0,4,2,,,,,,,,false,true,,,
triple-g,Triple G,Chicken burgers,,790,50,49,46,9,,0,6,2,,,,,,,contains_pork,false,true,,,"Contains the Cheesy Garlic Crumb, which the Special menu page calls a 'cheesy garlic bacon crumb'; tagged contains_pork."
white-rabbit,White Rabbit,Chicken burgers,,730,48,57,39,14,,0,19,2,,,,,,,,false,true,,,
hangover-iii,Hangover III,Chicken burgers,,679,51,50,31,7,,1,13,2,,,,,,,contains_pork,false,true,,,
bruce-almighty,Bruce Almighty,Chicken burgers,,801,45,65,39,7,,1,14,3,,,,,,,,false,true,,,
five-lies,Five Lies,Veggie & vegan burgers,,564,22,60,51,14,,2,15,9,,,,,,,vegetarian,false,true,,,
harlem-fake,Harlem Fake,Veggie & vegan burgers,,686,19,77,30,5,,1,36,10,,,,,,,vegetarian,false,true,,,
notorious-vfc-2-0,Notorious VFC 2.0,Veggie & vegan burgers,,786,22,62,62,6,,2,10,11,,,,,,,vegetarian,false,true,,,
hand-cut-fries-upgrade,Hand Cut Fries (upgrade),Upgrades,,424,7,68,14,0,,0,1,7,,,,,,,vegetarian,false,false,,,Burger-meal upgrade option (the page's Upgrades section). The page prints 424 kcal here and for the kids' portion but 113 kcal for the HANDCUT FRIES side.
purple-slaw-upgrade,Purple 'Slaw (upgrade),Upgrades,,345,1,7,18,1,,0,5,3,,,,,,,vegetarian,false,false,,,Burger-meal upgrade option (the page's Upgrades section).
tater-tots-upgrade,Tater Tots (upgrade),Upgrades,,374,5,50,21,2,,1,1,7,,,,,,,vegetarian,false,false,,,Burger-meal upgrade option (the page's Upgrades section).
superfries-me-upgrade,Superfries Me! (upgrade),Upgrades,,832,14,105,48,2,,1,7,11,,,,,,,contains_pork,false,false,,,Burger-meal upgrade option (the page's Upgrades section).
dirty-hand-cut-fries-upgrade,Dirty Hand Cut Fries (upgrade),Upgrades,,545,10,73,30,0,,0,3,8,,,,,,,contains_pork,false,false,,,Burger-meal upgrade option (the page's Upgrades section).
vegan-dirty-hand-cut-fries-upgrade,Vegan Dirty Hand Cut Fries (upgrade),Upgrades,,564,9,74,34,1,,1,5,7,,,,,,,vegetarian,false,false,,,Burger-meal upgrade option (the page's Upgrades section).
dirty-tater-tots-upgrade,Dirty Tater Tots (upgrade),Upgrades,,495,8,55,37,2,,1,3,8,,,,,,,contains_pork,false,false,,,Burger-meal upgrade option (the page's Upgrades section). Printed 495 kcal vs 585 kcal from its own macros (18% off); entered as printed.
vegan-dirty-tots-upgrade,Vegan Dirty Tots (upgrade),Upgrades,,514,7,56,41,3,,2,5,7,,,,,,,vegetarian,false,false,,,Burger-meal upgrade option (the page's Upgrades section).
5oz-beef-patty-upgrade,5oz Beef Patty (upgrade),Upgrades,,290,20,0,23,10,,0,0,0,,,,,,,contains_beef,false,false,,,Burger-meal upgrade option (the page's Upgrades section).
vegan-patty-upgrade,Vegan Patty (upgrade),Upgrades,,214,10,10,38,4,,1,0,4,,,,,,,vegetarian,false,false,,,Burger-meal upgrade option (the page's Upgrades section).
buttermilk-chicken-breast-upgrade,Buttermilk Chicken Breast (upgrade),Upgrades,,252,25,19,7,2,,2,2,1,,,,,,,,false,false,,,Burger-meal upgrade option (the page's Upgrades section).
2x-chicken-tenders-upgrade,2x Chicken Tenders (upgrade),Upgrades,,252,25,19,7,2,,2,2,1,,,,,,,,false,false,,,Burger-meal upgrade option (the page's Upgrades section). Prints exactly the numbers of the Buttermilk Chicken Breast upgrade.
vegan-chkn-upgrade,Vegan Chkn (upgrade),Upgrades,,209,13,1,40,2,,1,0,8,,,,,,,vegetarian,false,false,,,Burger-meal upgrade option (the page's Upgrades section).
little-american,Little American,Fast Hippo (weekdays until 4pm),,592,51,54,18,7,,1,15,2,,,,,,,contains_beef,false,true,,,
little-hippo,Little Hippo,Fast Hippo (weekdays until 4pm),,716,52,58,33,7,,0,15,2,,,,,,,contains_pork|contains_beef,false,true,,,
little-lies,Little Lies,Fast Hippo (weekdays until 4pm),,570,24,59,25,13,,2,15,9,,,,,,,,false,true,,,
little-buffalo,Little Buffalo,Fast Hippo (weekdays until 4pm),,634,39,50,33,4,,1,11,4,,,,,,,,false,true,,,
little-crack-strips,Little Crack Strips,Fast Hippo (weekdays until 4pm),,267,1,6,33,3,,0,0,0,,,,,,,contains_pork,false,true,,,"Contains the Cheesy Garlic Crumb, which the Special menu page calls a 'cheesy garlic bacon crumb'; tagged contains_pork."
little-white-rabbit,Little White Rabbit,Fast Hippo (weekdays until 4pm),,636,43,54,25,14,,0,17,2,,,,,,,,false,true,,,
handcut-fries,Handcut Fries,Sides,,113,3,26,0,0,,0,1,0,,,,,,,,false,true,,,The page prints 113 kcal for this side but 424 kcal for the Hand Cut Fries upgrade and the kids' portion; it does not say why.
tater-tots,Tater Tots,Sides,,312,4,40,14,2,,1,1,5,,,,,,,,false,true,,,
purple-slaw-side,Purple Slaw Side,Sides,,246,4,8,23,1,,1,7,6,,,,,,,,false,true,,,
dirty-handcut-fries,Dirty Handcut Fries,Sides,,234,6,31,16,0,,0,3,1,,,,,,,contains_pork,false,true,,,
dirty-tots,Dirty Tots,Sides,,433,7,45,30,2,,1,3,6,,,,,,,contains_pork,false,true,,,
vegan-dirty-handcut-fries,Vegan Dirty Handcut Fries,Sides,,253,5,32,20,1,,1,5,0,,,,,,,vegetarian,false,true,,,
vegan-dirty-tots,Vegan Dirty Tots,Sides,,452,6,46,34,3,,2,5,5,,,,,,,vegetarian,false,true,,,
3x-onion-rings,3x Onion Rings,Sides,,114,1,16,4,0,,0,2,0,,,,,,,,false,true,,,
5x-onion-rings,5x Onion Rings,Sides,,190,3,27,7,0,,0,4,1,,,,,,,,false,true,,,
bbq,BBQ,Sauces,,68,0,15,0,0,,0,13,0,,,,,,,vegetarian,false,false,,,
cheese-whiz-mayo,Cheese Whiz Mayo,Sauces,,127,1,1,13,3,,0,0,0,,,,,,,,false,false,,,
carolina-bbq,Carolina BBQ,Sauces,,33,0,6,0,0,,0,6,0,,,,,,,,false,false,,,
fat-hippo-sauce,Fat Hippo Sauce,Sauces,,74,0,3,14,0,,0,2,0,,,,,,,vegetarian,false,false,,,
vegan-fat-hippo-sauce,Vegan Fat Hippo Sauce,Sauces,,69,0,5,20,1,,1,4,0,,,,,,,vegetarian,false,false,,,
garlic-butter-mayo,Garlic Butter Mayo,Sauces,,112,0,2,18,1,,0,0,0,,,,,,,,false,false,,,
hot-honey,Hot Honey,Sauces,,45,0,15,0,0,,0,15,0,,,,,,,vegetarian,false,false,,,
cream-cheese-aioli,Cream Cheese Aioli,Sauces,,87,0,2,9,0,,0,1,0,,,,,,,vegetarian,false,false,,,
buffalo-sauce,Buffalo Sauce,Sauces,,126,0,5,15,1,,1,4,0,,,,,,,vegetarian,false,false,,,
ranch,Ranch,Sauces,,59,1,1,11,0,,0,1,0,,,,,,,vegetarian,false,false,,,
blue-cheese-ranch,Blue Cheese Ranch,Sauces,,107,1,2,17,1,,0,1,0,,,,,,,,false,false,,,
ketchup,Ketchup,Sauces,,15,0,9,0,0,,0,9,0,,,,,,,vegetarian,false,false,,,
mayo,Mayo,Sauces,,126,0,4,11,0,,0,0,0,,,,,,,vegetarian,false,false,,,
vegan-mayo,Vegan Mayo,Sauces,,82,0,2,23,1,,0,0,0,,,,,,,vegetarian,false,false,,,
mustard,Mustard,Sauces,,9,1,1,1,0,,1,0,0,,,,,,,vegetarian,false,false,,,
baby-spice,Baby Spice,Desserts,,164,2,89,7,1,,0,14,0,,,,,,,,false,false,,,
lamars-bar,Lamar's Bar,Desserts,,576,7,85,18,7,,0,66,0,,,,,,,,false,false,,,
gimme-smore,Gimme S'more!,Desserts,,200,2,30,6,2,,0,23,1,,,,,,,,false,false,,,
ice-cream-cookie-sandwich,Ice Cream Cookie Sandwich,Desserts,,529,0,59,15,9,,0,56,6,,,,,,,,false,false,,,
big-poppa-special-menu,Big Poppa (special menu),Specials,,1020,47,64,64,25,,0,20,2,,,,,,,contains_pork|contains_beef,true,true,,,Special menu version: a double beef patty and a bacon crumb; not the Big Poppa of the main menu. The page says 'Grab yours now before it disappears!'
hypnotize-fries-special-menu,Hypnotize Fries (special menu),Specials,,620,9,89,27,1,,0,15,8,,,,,,,contains_pork,true,true,,,Listed on the Special menu page.
kids-beef-burger,Kids Beef Burger,Kids mains,,486,23,41,25,12,,0,4,1,,,,,,,contains_beef,false,false,,,"A patty in a brioche; toppings, sauce, garnish, side and drink are chosen separately (page text)."
kids-chicken-burger,Kids Chicken Burger,Kids mains,,448,28,60,9,4,,2,6,2,,,,,,,,false,false,,,
kids-vfc-burger,Kids VFC Burger,Kids mains,,387,19,41,12,0,,1,4,10,,,,,,,vegetarian,false,false,,,
kids-vegan-burger,Kids Vegan Burger,Kids mains,,407,19,52,8,0,,1,4,6,,,,,,,vegetarian,false,false,,,
kids-chicken-fingers,Kids Chicken Fingers,Kids mains,,493,57,56,4,1,,4,3,3,,,,,,,,false,false,,,Served with a choice of one side and one sauce (page text); those are listed separately.
bacon-kids-burger-topping,Bacon (kids burger topping),Kids toppings & sauces,,114,5,0,10,3,,1,0,0,,,,,,,contains_pork,false,false,,,
cheese-kids-burger-topping,Cheese (kids burger topping),Kids toppings & sauces,,41,2,0,3,1,,0,0,0,,,,,,,vegetarian,false,false,,,
onion-ring-kids-burger-topping,Onion Ring (kids burger topping),Kids toppings & sauces,,76,1,10,3,0,,0,1,0,,,,,,,,false,false,,,
fakon-kids-burger-topping,Fakon (kids burger topping),Kids toppings & sauces,,71,2,1,0,0,,0,0,0,,,,,,,vegetarian,false,false,,,
vegan-cheese-kids-burger-topping,Vegan Cheese (kids burger topping),Kids toppings & sauces,,35,0,1,29,2,,0,0,0,,,,,,,vegetarian,false,false,,,
kids-ketchup,Kids Ketchup,Kids toppings & sauces,,15,0,9,0,0,,0,9,0,,,,,,,vegetarian,false,false,,,
kids-fat-hippo-sauce,Kids Fat Hippo Sauce,Kids toppings & sauces,,74,0,3,14,0,,0,2,0,,,,,,,vegetarian,false,false,,,
kids-mayo,Kids Mayo,Kids toppings & sauces,,126,0,4,11,0,,0,0,0,,,,,,,vegetarian,false,false,,,
kids-vegan-fat-hippo-sauce,Kids Vegan Fat Hippo Sauce,Kids toppings & sauces,,69,0,5,20,1,,1,4,0,,,,,,,vegetarian,false,false,,,
kids-bbq,Kids BBQ,Kids toppings & sauces,,68,0,15,0,0,,0,13,0,,,,,,,vegetarian,false,false,,,
lettuce-kids-burger-garnish,Lettuce (kids burger garnish),Kids toppings & sauces,,5,0,0,0,0,,0,0,0,,,,,,,vegetarian,false,false,,,
pickles-kids-burger-garnish,Pickles (kids burger garnish),Kids toppings & sauces,,14,0,2,0,0,,0,2,0,,,,,,,vegetarian,false,false,,,
kids-hand-cut-fries,Kids Hand Cut Fries,Kids sides,,424,7,68,14,0,,0,1,7,,,,,,,vegetarian,false,false,,,
kids-tater-tots,Kids Tater Tots,Kids sides,,351,0,42,16,1,,0,0,5,,,,,,,vegetarian,false,false,,,
kids-purple-slaw,Kids Purple 'Slaw,Kids sides,,345,1,7,18,1,,0,5,3,,,,,,,vegetarian,false,false,,,
kids-orange-cordial,Kids Orange Cordial,Kids drinks,,165,0,32,0,0,,0,32,0,,,,,,,vegetarian,false,false,,,Printed 165 kcal vs 128 kcal from its own macros (22% off); entered as printed.
kids-blackcurrant-cordial,Kids Blackcurrant Cordial,Kids drinks,,110,0,16,0,0,,0,16,0,,,,,,,vegetarian,false,false,,,
kids-milk,Kids Milk,Kids drinks,,189,10,13,10,6,,0,13,0,,,,,,,vegetarian,false,false,,,
kids-hippo-juice,Kids Hippo Juice,Kids drinks,,140,0,33,0,0,,0,33,0,,,,,,,vegetarian,false,false,,,
kids-pop-pepsi,Kids Pop: Pepsi,Kids drinks,,107,0,26,0,0,,0,26,0,,,,,,,vegetarian,false,false,,,
kids-pop-diet-lemonade,Kids Pop: Diet Lemonade,Kids drinks,,2,0,0,0,0,,0,0,0,,,,,,,vegetarian,false,false,,,
kids-pop-iron-bru,Kids Pop: Iron Bru,Kids drinks,,98,0,0,0,0,,0,0,0,,,,,,,vegetarian,false,false,,,
chocolate-brownie-milkshake-kids-upgrade,Chocolate Brownie Milkshake (kids upgrade),Kids shakes,,502,8,33,34,22,,0,31,0,,,,,,,vegetarian,false,false,,,
vanilla-oreo-cookie-crunch-milkshake-kids-upgrade,Vanilla Oreo Cookie Crunch Milkshake (kids upgrade),Kids shakes,,744,6,76,40,25,,0,67,7,,,,,,,vegetarian,false,false,,,
espresso-shortini,Espresso Shortini,Cocktails & shots,,233,0,19,0,0,,0,19,0,,,,,,,,false,false,,,"Alcoholic: the calories include alcohol, so they are higher than 4P+4C+9F."
homer-shot,Homer (shot),Cocktails & shots,,177,1,4,16,12,,0,4,0,,,,,,,,false,false,,,"Alcoholic: the calories include alcohol, so they are higher than 4P+4C+9F."
baby-shaft-shot,Baby Shaft (shot),Cocktails & shots,,381,1,22,16,12,,0,22,0,,,,,,,,false,false,,,"Alcoholic: the calories include alcohol, so they are higher than 4P+4C+9F."
hugo-spritz,Hugo Spritz,Cocktails & shots,,200,0,46,0,0,,0,46,0,,,,,,,,false,false,,,"Alcoholic: the calories include alcohol, so they are higher than 4P+4C+9F."
pb-jack-hard-shake,PB+Jack (hard shake),Hard shakes,,722,26,42,45,17,,0,40,3,,,,,,,vegetarian,false,false,,,"Alcoholic: the calories include alcohol, so they are higher than 4P+4C+9F."
milky-bar-hard-shake,Milky Bar (hard shake),Hard shakes,,721,13,46,31,17,,0,44,1,,,,,,,vegetarian,false,false,,,"Alcoholic: the calories include alcohol, so they are higher than 4P+4C+9F."
the-irish-one-hard-shake,The Irish One (hard shake),Hard shakes,,634,13,54,24,13,,0,54,0,,,,,,,vegetarian,false,false,,,"Alcoholic: the calories include alcohol, so they are higher than 4P+4C+9F."
butterbeer-hard-shake,Butterbeer (hard shake),Hard shakes,,751,13,85,32,18,,0,70,1,,,,,,,vegetarian,false,false,,,"Alcoholic: the calories include alcohol, so they are higher than 4P+4C+9F."
mars-attack,Mars Attack,Shakes,,924,11,96,45,28,,0,82,7,,,,,,,vegetarian,false,false,,,
meet-joe-crack,Meet Joe Crack,Shakes,,857,12,82,41,27,,0,67,6,,,,,,,vegetarian,false,false,,,
love-me-blender,Love Me Blender,Shakes,,1045,24,77,62,31,,0,72,9,,,,,,,contains_pork,false,false,,,
wellaye-dubai,Wellaye Dubai,Shakes,,650,1,70,35,22,,0,61,7,,,,,,,,false,false,,,
biscoffy,Biscoffy,Shakes,,651,2,71,34,22,,0,61,6,,,,,,,,false,false,,,
draught-pint-pepsi,Draught Pint: Pepsi,Soft drinks,,214,0,53,0,0,,0,53,0,,,,,,,vegetarian,false,false,,,
draught-pint-diet-lemonade,Draught Pint: Diet Lemonade,Soft drinks,,4,0,0,0,0,,0,0,0,,,,,,,vegetarian,false,false,,,
draught-pint-orange,Draught Pint: Orange,Soft drinks,,140,0,33,0,0,,0,33,0,,,,,,,vegetarian,false,false,,,
draught-pint-irn-bru,Draught Pint: Irn Bru,Soft drinks,,239,0,0,0,0,,0,0,0,,,,,,,vegetarian,false,false,,,
orange-fruit-juice,Orange Fruit Juice,Soft drinks,,105,1,22,0,0,,0,22,0,,,,,,,vegetarian,false,false,,,
apple-fruit-juice,Apple Fruit Juice,Soft drinks,,105,0,20,0,0,,0,20,0,,,,,,,vegetarian,false,false,,,Printed 105 kcal vs 80 kcal from its own macros (24% off); entered as printed.
cranberry-fruit-juice,Cranberry Fruit Juice,Soft drinks,,55,0,12,0,0,,0,12,0,,,,,,,vegetarian,false,false,,,
pint-blackcurrant-cordial,Pint: Blackcurrant Cordial,Soft drinks,,110,0,16,0,0,,0,16,0,,,,,,,vegetarian,false,false,,,
pint-orange-cordial,Pint: Orange Cordial,Soft drinks,,165,0,32,0,0,,0,32,0,,,,,,,vegetarian,false,false,,,Printed 165 kcal vs 128 kcal from its own macros (22% off); entered as printed.
pint-lime-cordial,Pint: Lime Cordial,Soft drinks,,106,0,24,0,0,,0,24,0,,,,,,,vegetarian,false,false,,,
pint-elderflower-cordial,Pint: Elderflower Cordial,Soft drinks,,200,0,46,0,0,,0,46,0,,,,,,,vegetarian,false,false,,,
coca-cola,Coca Cola,Soft drinks,,138,0,34,0,0,,0,34,0,,,,,,,vegetarian,false,false,,,
diet-coke,Diet Coke,Soft drinks,,1,0,0,0,0,,0,0,0,,,,,,,vegetarian,false,false,,,
sprite-zero,Sprite Zero,Soft drinks,,3,0,0,0,0,,0,0,0,,,,,,,vegetarian,false,false,,,
lemon-san-pellegrino,Lemon San Pellegrino,Soft drinks,,71,0,15,0,0,,0,15,0,,,,,,,vegetarian,false,false,,,Printed 71 kcal vs 60 kcal from its own macros (15% off); entered as printed.
blood-orange-san-pellegrino,Blood Orange San Pellegrino,Soft drinks,,73,0,16,0,0,,0,16,0,,,,,,,vegetarian,false,false,,,
orange-pomegranate-san-pellegrino,Orange + Pomegranate San Pellegrino,Soft drinks,,69,0,15,0,0,,0,15,0,,,,,,,vegetarian,false,false,,,
