item_id,reason
lemon-drizzle-cake,the allergen row marks no gluten for a cake the guide does not name gluten free: it contradicts the dish
we-love-cake-chocolate-pecan-brownies,the allergen row marks no gluten for brownies the guide does not name gluten free: it contradicts the dish
tuna-mayonnaise-100-g-portion,the allergen row marks neither fish nor eggs for a tuna mayonnaise: it contradicts the dish's own name
hazelnut-syrup,the allergen row marks no nuts for a hazelnut syrup: it contradicts the dish's own name
original-iced-matcha-latte-almond-milk-medium,Original Iced Matcha Latte (almond milk): the guide prints Medium 85 kcal but Large 28 kcal (and Medium is above the skimmed 58 and coconut 55 versions); one of the two is wrong and the guide does not say which
original-iced-matcha-latte-almond-milk-large,Original Iced Matcha Latte (almond milk): the guide prints Medium 85 kcal but Large 28 kcal (and Medium is above the skimmed 58 and coconut 55 versions); one of the two is wrong and the guide does not say which
strawberry-milkshake-almond-milk-medium,"The guide's page 30-31 advice says 'WE DO NOT SERVE ANY MILKSHAKES WITH DAIRY FREE ALTERNATIVE MILKS' but it prints this row: the guide contradicts itself, so the drink is not published"
strawberry-milkshake-almond-milk-large,"The guide's page 30-31 advice says 'WE DO NOT SERVE ANY MILKSHAKES WITH DAIRY FREE ALTERNATIVE MILKS' but it prints this row: the guide contradicts itself, so the drink is not published"
strawberry-milkshake-coconut-milk-medium,"The guide's page 30-31 advice says 'WE DO NOT SERVE ANY MILKSHAKES WITH DAIRY FREE ALTERNATIVE MILKS' but it prints this row: the guide contradicts itself, so the drink is not published"
strawberry-milkshake-coconut-milk-large,"The guide's page 30-31 advice says 'WE DO NOT SERVE ANY MILKSHAKES WITH DAIRY FREE ALTERNATIVE MILKS' but it prints this row: the guide contradicts itself, so the drink is not published"
strawberry-milkshake-oat-milk-medium,"The guide's page 30-31 advice says 'WE DO NOT SERVE ANY MILKSHAKES WITH DAIRY FREE ALTERNATIVE MILKS' but it prints this row: the guide contradicts itself, so the drink is not published"
strawberry-milkshake-oat-milk-large,"The guide's page 30-31 advice says 'WE DO NOT SERVE ANY MILKSHAKES WITH DAIRY FREE ALTERNATIVE MILKS' but it prints this row: the guide contradicts itself, so the drink is not published"
strawberry-milkshake-soya-milk-medium,"The guide's page 30-31 advice says 'WE DO NOT SERVE ANY MILKSHAKES WITH DAIRY FREE ALTERNATIVE MILKS' but it prints this row: the guide contradicts itself, so the drink is not published"
strawberry-milkshake-soya-milk-large,"The guide's page 30-31 advice says 'WE DO NOT SERVE ANY MILKSHAKES WITH DAIRY FREE ALTERNATIVE MILKS' but it prints this row: the guide contradicts itself, so the drink is not published"
vanilla-milkshake-almond-milk-medium,"The guide's page 30-31 advice says 'WE DO NOT SERVE ANY MILKSHAKES WITH DAIRY FREE ALTERNATIVE MILKS' but it prints this row: the guide contradicts itself, so the drink is not published"
vanilla-milkshake-almond-milk-large,"The guide's page 30-31 advice says 'WE DO NOT SERVE ANY MILKSHAKES WITH DAIRY FREE ALTERNATIVE MILKS' but it prints this row: the guide contradicts itself, so the drink is not published"
vanilla-milkshake-coconut-milk-medium,"The guide's page 30-31 advice says 'WE DO NOT SERVE ANY MILKSHAKES WITH DAIRY FREE ALTERNATIVE MILKS' but it prints this row: the guide contradicts itself, so the drink is not published"
vanilla-milkshake-coconut-milk-large,"The guide's page 30-31 advice says 'WE DO NOT SERVE ANY MILKSHAKES WITH DAIRY FREE ALTERNATIVE MILKS' but it prints this row: the guide contradicts itself, so the drink is not published"
vanilla-milkshake-oat-milk-medium,"The guide's page 30-31 advice says 'WE DO NOT SERVE ANY MILKSHAKES WITH DAIRY FREE ALTERNATIVE MILKS' but it prints this row: the guide contradicts itself, so the drink is not published"
vanilla-milkshake-oat-milk-large,"The guide's page 30-31 advice says 'WE DO NOT SERVE ANY MILKSHAKES WITH DAIRY FREE ALTERNATIVE MILKS' but it prints this row: the guide contradicts itself, so the drink is not published"
vanilla-milkshake-soya-milk-medium,"The guide's page 30-31 advice says 'WE DO NOT SERVE ANY MILKSHAKES WITH DAIRY FREE ALTERNATIVE MILKS' but it prints this row: the guide contradicts itself, so the drink is not published"
vanilla-milkshake-soya-milk-large,"The guide's page 30-31 advice says 'WE DO NOT SERVE ANY MILKSHAKES WITH DAIRY FREE ALTERNATIVE MILKS' but it prints this row: the guide contradicts itself, so the drink is not published"
chocolate-milkshake-almond-milk-medium,"The guide's page 30-31 advice says 'WE DO NOT SERVE ANY MILKSHAKES WITH DAIRY FREE ALTERNATIVE MILKS' but it prints this row: the guide contradicts itself, so the drink is not published"
chocolate-milkshake-almond-milk-large,"The guide's page 30-31 advice says 'WE DO NOT SERVE ANY MILKSHAKES WITH DAIRY FREE ALTERNATIVE MILKS' but it prints this row: the guide contradicts itself, so the drink is not published"
chocolate-milkshake-coconut-milk-medium,"The guide's page 30-31 advice says 'WE DO NOT SERVE ANY MILKSHAKES WITH DAIRY FREE ALTERNATIVE MILKS' but it prints this row: the guide contradicts itself, so the drink is not published"
chocolate-milkshake-coconut-milk-large,"The guide's page 30-31 advice says 'WE DO NOT SERVE ANY MILKSHAKES WITH DAIRY FREE ALTERNATIVE MILKS' but it prints this row: the guide contradicts itself, so the drink is not published"
chocolate-milkshake-oat-milk-medium,"The guide's page 30-31 advice says 'WE DO NOT SERVE ANY MILKSHAKES WITH DAIRY FREE ALTERNATIVE MILKS' but it prints this row: the guide contradicts itself, so the drink is not published"
chocolate-milkshake-oat-milk-large,"The guide's page 30-31 advice says 'WE DO NOT SERVE ANY MILKSHAKES WITH DAIRY FREE ALTERNATIVE MILKS' but it prints this row: the guide contradicts itself, so the drink is not published"
chocolate-milkshake-soya-milk-medium,"The guide's page 30-31 advice says 'WE DO NOT SERVE ANY MILKSHAKES WITH DAIRY FREE ALTERNATIVE MILKS' but it prints this row: the guide contradicts itself, so the drink is not published"
chocolate-milkshake-soya-milk-large,"The guide's page 30-31 advice says 'WE DO NOT SERVE ANY MILKSHAKES WITH DAIRY FREE ALTERNATIVE MILKS' but it prints this row: the guide contradicts itself, so the drink is not published"
