id,name,category,serving,calories,protein_g,carbs_g,fat_g,sat_fat_g,sodium_mg,salt_g,sugar_g,fiber_g,tags,limited_time,rankable,components,added_on,notes
fish-and-chips,Fish & Chips,Main Courses,430.0 g,614.9,25.24,79.93,18.87,1.6,,1.57,9.17,,,false,true,,,"On IKEA's restaurant, swedish-deli menu(s); sold in 22 of 26 Great Britain stores"
chicken-schnitzel,Chicken Schnitzel,Main Courses,362.0 g,539.38,35,61.62,15.5,1.88,,1.92,4.29,,,false,true,,,"On IKEA's restaurant, swedish-deli menu(s); sold in 22 of 26 Great Britain stores"
8-meatballs-with-mashed-potatoes,8 Meatballs with Mashed Potatoes,Main Courses,398.0 g,557.2,21.58,47.6,30.1,11.14,,2.95,13.94,,contains_pork|contains_beef,false,true,,,"On IKEA's restaurant, swedish-bite, swedish-deli menu(s); sold in 24 of 26 Great Britain stores"
8-meatballs-with-chips,8 Meatballs with Chips,Main Courses,398.0 g,624.86,22.78,59,31.28,11.31,,2.16,14.01,,contains_pork|contains_beef,false,true,,,"On IKEA's restaurant, swedish-bite, swedish-deli menu(s); sold in 23 of 26 Great Britain stores"
12-meatballs-with-mashed-potatoes,12 Meatballs with Mashed Potatoes,Main Courses,462.0 g,711.48,30.09,51.19,42.13,15.71,,3.77,14.36,,contains_pork|contains_beef,false,true,,,"On IKEA's restaurant, swedish-bite, swedish-deli menu(s); sold in 24 of 26 Great Britain stores"
12-meatballs-with-chips,12 Meatballs with Chips,Main Courses,462.0 g,780.78,31.29,62.59,43.32,15.87,,2.97,14.44,,contains_pork|contains_beef,false,true,,,"On IKEA's restaurant, swedish-bite, swedish-deli menu(s); sold in 23 of 26 Great Britain stores"
8-chicken-meatballs-with-mashed-potatoes,8 Chicken Meatballs with Mashed Potatoes,Main Courses,408.0 g,489.6,21.6,47.73,22.42,6.12,,3.23,13.93,,,false,true,,,"On IKEA's restaurant, swedish-deli menu(s); sold in 21 of 26 Great Britain stores"
8-chicken-meatballs-with-chips,8 Chicken Meatballs with Chips,Main Courses,408.0 g,558.96,22.79,59.13,23.6,6.29,,2.44,14.01,,,false,true,,,"On IKEA's restaurant, swedish-deli menu(s); sold in 21 of 26 Great Britain stores"
8-chicken-meatballs-with-rice-and-peshwari-sauce,8 Chicken Meatballs with Rice & Peshwari Sauce,Main Courses,278.0 g,444.8,20.14,40.8,22.33,7.17,,2.42,6.56,,,false,true,,,On IKEA's restaurant menu(s); sold in 19 of 26 Great Britain stores
12-chicken-meatballs-with-mashed-potatoes,12 Chicken Meatballs with Mashed Potatoes,Main Courses,472.0 g,608.88,29.92,50.88,30.61,8.18,,4.19,14.31,,,false,true,,,"On IKEA's restaurant, swedish-deli menu(s); sold in 21 of 26 Great Britain stores"
12-chicken-meatballs-with-chips,12 Chicken Meatballs with Chips,Main Courses,472.0 g,679.68,31.11,62.28,31.8,8.35,,3.4,14.39,,,false,true,,,"On IKEA's restaurant, swedish-deli menu(s); sold in 21 of 26 Great Britain stores"
12-chicken-meatballs-with-rice-and-peshwari-sauce,12 Chicken Meatballs with Rice & Peshwari Sauce,Main Courses,342.0 g,564.3,28.46,43.95,30.53,9.23,,3.38,6.93,,,false,true,,,On IKEA's restaurant menu(s); sold in 19 of 26 Great Britain stores
8-plant-balls-with-mashed-potatoes,8 Plant Balls with Mashed Potatoes,Main Courses,398.0 g,366.16,14.67,53.49,27.29,5.2,,3.36,15.13,,,false,true,,,"On IKEA's restaurant, swedish-bite, swedish-deli menu(s); sold in 24 of 26 Great Britain stores; printed kcal (366.16) is 42% below 4P+4C+9F (518); held back (see holdback.csv)"
8-plant-balls-with-chips,8 Plant Balls with Chips,Main Courses,373.0 g,589.34,15.66,63.4,27.48,4.58,,2.39,14.98,,,false,true,,,"On IKEA's restaurant, swedish-bite, swedish-deli menu(s); sold in 23 of 26 Great Britain stores"
8-plant-balls-with-rice-and-peshwari-sauce,8 Plant Balls with Rice & Peshwari Sauce,Main Courses,278.0 g,328.04,13.61,47.55,27.2,6.25,,2.55,7.85,,,false,true,,,On IKEA's restaurant menu(s); sold in 19 of 26 Great Britain stores; printed kcal (328.04) is 49% below 4P+4C+9F (489); held back (see holdback.csv)
12-plant-balls-with-mashed-potatoes,12 Plant Balls with Mashed Potatoes,Main Courses,437.0 g,410.78,19.52,58.53,36.93,6.02,,4.21,15.92,,,false,true,,,"On IKEA's restaurant, swedish-bite, swedish-deli menu(s); sold in 24 of 26 Great Britain stores; printed kcal (410.78) is 57% below 4P+4C+9F (645); held back (see holdback.csv)"
12-plant-balls-with-chips,12 Plant Balls with Chips,Main Courses,437.0 g,734.16,20.72,69.93,38.11,6.18,,3.42,16,,,false,true,,,"On IKEA's restaurant, swedish-bite, swedish-deli menu(s); sold in 23 of 26 Great Britain stores"
12-plant-balls-with-rice-and-peshwari-sauce,12 Plant Balls with Rice & Peshwari Sauce,Main Courses,342.0 g,389.88,18.67,54.08,37.82,7.85,,3.57,8.87,,,false,true,,,On IKEA's restaurant menu(s); sold in 19 of 26 Great Britain stores; printed kcal (389.88) is 62% below 4P+4C+9F (631); held back (see holdback.csv)
falafel-with-couscous,Falafel with Couscous,Main Courses,320.0 g,720,15.1,49.07,48.48,4.92,,2.44,9.47,,,false,true,,,"On IKEA's restaurant, swedish-deli menu(s); sold in 22 of 26 Great Britain stores"
salmon-fillet,Salmon Fillet,Main Courses,350.0 g,717.5,30.88,15.64,58.16,21.41,,2.58,3.88,,,false,true,,,On IKEA's restaurant menu(s); sold in 19 of 26 Great Britain stores
pasta-with-tomato-sauce,Pasta with Tomato Sauce,Main Courses,200.0 g,228,8.2,42.2,2.6,0.57,,1.16,7.7,,,false,true,,,On IKEA's restaurant menu(s); sold in 20 of 26 Great Britain stores
vegetable-lasagne,Vegetable Lasagne,Main Courses,330.0 g,382.8,14.85,49.5,12.21,6.27,,3.3,17.16,,,false,true,,,On IKEA's restaurant menu(s); sold in 22 of 26 Great Britain stores
rice-mix-with-vegetables,Rice Mix with Vegetables,Main Courses,250.0 g,252.5,6,35,9,6.25,,1.7,5,,,false,true,,,"On IKEA's restaurant, swedish-deli menu(s); sold in 22 of 26 Great Britain stores"
small-cooked-breakfast,Small Cooked Breakfast,Breakfast,330.0 g,392.7,23.94,31.47,14.73,5.34,,2.65,7.85,,contains_pork|contains_beef,false,true,,,"On IKEA's restaurant, swedish-deli menu(s); sold in 22 of 26 Great Britain stores"
small-vegetarian-breakfast,Small Vegetarian Breakfast,Breakfast,330.0 g,306.9,16.84,29.21,12.47,1.97,,1.82,6.28,,vegetarian,false,true,,,"On IKEA's restaurant, swedish-deli menu(s); sold in 22 of 26 Great Britain stores"
regular-cooked-breakfast,Regular Cooked Breakfast,Breakfast,425.0 g,544,32.81,43.41,18.61,6.66,,3.63,7.99,,contains_pork|contains_beef,false,true,,,"On IKEA's restaurant, swedish-deli menu(s); sold in 22 of 26 Great Britain stores; printed kcal (544) is 13% above 4P+4C+9F (472); within what fibre can explain, so published"
regular-vegetarian-breakfast,Regular Vegetarian Breakfast,Breakfast,425.0 g,463.25,22.92,43.37,20.68,2.72,,2.67,7.28,,vegetarian,false,true,,,"On IKEA's restaurant, swedish-deli menu(s); sold in 22 of 26 Great Britain stores"
childrens-breakfast,Children's Breakfast,Breakfast,180.0 g,212.4,15.21,12.82,9.87,2.02,,1.59,3.58,,,false,true,,,"On IKEA's restaurant, swedish-deli menu(s); sold in 22 of 26 Great Britain stores"
breakfast-roll-with-bacon,Breakfast Roll with Bacon,Breakfast,176.0 g,360.8,23.33,40.97,3.25,2.21,,2.09,4.16,,contains_pork,false,true,,,"On IKEA's restaurant, swedish-deli menu(s); sold in 23 of 26 Great Britain stores; printed kcal (360.8) is 21% above 4P+4C+9F (286); held back (see holdback.csv)"
breakfast-roll-with-sausages,Breakfast Roll with Sausages,Breakfast,186.0 g,409.2,19.03,52.01,14.2,5.77,,2.15,6.9,,contains_pork|contains_beef,false,true,,,"On IKEA's restaurant, swedish-deli menu(s); sold in 22 of 26 Great Britain stores"
breakfast-roll-vegetarian,Breakfast Roll (Vegetarian),Breakfast,176.0 g,371.36,17.75,45.39,11.82,1.07,,1.83,4.26,,vegetarian,false,true,,,"On IKEA's restaurant, swedish-deli menu(s); sold in 22 of 26 Great Britain stores"
toast-with-butter,Toast with Butter,Breakfast,94.0 g,289.52,7.6,33.79,12.92,7.76,,0.91,1.47,,,false,true,,,On IKEA's restaurant menu(s); sold in 20 of 26 Great Britain stores
hash-brown,Hash Brown,Breakfast,50.0 g,76.5,0.9,11.5,2.9,0.3,,0.31,0.5,,,false,false,,,"On IKEA's restaurant, swedish-deli menu(s); sold in 23 of 26 Great Britain stores"
mushrooms,Mushrooms,Breakfast,50.0 g,11,1.5,1.5,0,0,,0.01,1,,,false,false,,,"On IKEA's restaurant, swedish-deli menu(s); sold in 22 of 26 Great Britain stores"
baked-beans,Baked Beans,Breakfast,80.00 g,65.6,3.87,10.26,0.3,0.06,,0.43,2.9,,,false,false,,,On IKEA's restaurant menu(s); sold in 21 of 26 Great Britain stores
black-pudding,Black Pudding,Breakfast,50.0 g,173,5,7.5,13.5,4.7,,0.8,0.85,,contains_pork|contains_beef,false,false,,,On IKEA's restaurant menu(s); sold in 21 of 26 Great Britain stores; printed kJ (625.5) and kcal (173) do not agree (kJ/kcal = 3.62); kcal is the number used
potato-scone,Potato Scone,Breakfast,50.00 g,105.5,1.9,22.7,0.45,0.1,,1.1,0.9,,,false,false,,,On IKEA's restaurant menu(s); sold in 20 of 26 Great Britain stores
hot-dog,Hot Dog,Hot Snacks,95.0 g,282.15,8.66,25.33,15.84,5.43,,1.6,3.25,,contains_pork|contains_beef,false,true,,,"On IKEA's bistro, swedish-bite, swedish-deli menu(s); sold in 26 of 26 Great Britain stores"
double-hot-dog,Double Hot Dog,Hot Snacks,150.0 g,441,13.89,30.06,29.04,10.55,,2.7,3.75,,contains_pork|contains_beef,false,true,,,"On IKEA's bistro, swedish-bite, swedish-deli menu(s); sold in 26 of 26 Great Britain stores"
swedish-special-hot-dog,Swedish Special Hot Dog,Hot Snacks,248.0 g,434,11.4,47.32,21.2,6.56,,2.59,4.11,,contains_pork|contains_beef,false,true,,,"On IKEA's bistro, swedish-bite, swedish-deli menu(s); sold in 25 of 26 Great Britain stores"
veggie-hot-dog,Veggie Hot Dog,Hot Snacks,86.0 g,183.18,7.17,26.58,4.71,0.5,,1.28,3.5,,,false,true,,,"On IKEA's bistro, swedish-bite, swedish-deli menu(s); sold in 25 of 26 Great Britain stores"
fish-dog,Fish Dog,Hot Snacks,130.0 g,331.5,11.27,37.56,14.57,1.23,,1.48,6.02,,,false,true,,,"On IKEA's bistro, swedish-bite, swedish-deli menu(s); sold in 25 of 26 Great Britain stores"
4-meatballs-with-mashed-potatoes,4 Meatballs with Mashed Potatoes,Hot Snacks,164.0 g,265.68,9.79,24.51,14.07,4.79,,1.3,10.44,,contains_pork|contains_beef,false,true,,,"On IKEA's bistro, swedish-bite menu(s); sold in 20 of 26 Great Britain stores"
4-plant-balls-with-mashed-potatoes,4 Plant Balls with Mashed Potatoes,Hot Snacks,164.0 g,170.56,6.33,27.45,12.66,1.82,,1.51,11.04,,,false,true,,,"On IKEA's bistro, swedish-bite menu(s); sold in 19 of 26 Great Britain stores; printed kcal (170.56) is 46% below 4P+4C+9F (249); held back (see holdback.csv)"
pizza,Pizza,Hot Snacks,120.0 g,277.2,11.76,38.4,7.8,4.68,,2.25,10.08,,,false,true,,,On IKEA's bistro menu(s); sold in 19 of 26 Great Britain stores
fries,Fries,Hot Snacks,150.0 g,202.5,3.75,32.25,5.25,0.6,,0.15,0.6,,,false,true,,,"On IKEA's bistro, swedish-deli menu(s); sold in 18 of 26 Great Britain stores"
childrens-meatballs,Children's Meatballs,Children's Menu,204.0 g,281.52,10.99,24.3,15.05,5.57,,1.48,7.02,,contains_pork|contains_beef,false,true,,,"On IKEA's restaurant, swedish-bite, swedish-deli menu(s); sold in 24 of 26 Great Britain stores"
childrens-chicken-meatballs,Children's Chicken Meatballs,Children's Menu,211.0 g,255.31,9.76,29.77,10.19,2.8,,1.5,12.77,,,false,true,,,"On IKEA's restaurant, swedish-deli menu(s); sold in 21 of 26 Great Britain stores"
childrens-plant-balls,Children's Plant Balls,Children's Menu,214.0 g,203.3,7.53,31.45,13.64,2.6,,1.69,11.51,,,false,true,,,"On IKEA's restaurant, swedish-bite, swedish-deli menu(s); sold in 24 of 26 Great Britain stores; printed kcal (203.3) is 37% below 4P+4C+9F (279); held back (see holdback.csv)"
childrens-fish-finger,Children's Fish Finger,Children's Menu,192.0 g,236.16,10.42,28.32,8.02,0.7,,0.94,1.5,,,false,true,,,"On IKEA's restaurant, swedish-deli menu(s); sold in 22 of 26 Great Britain stores"
childrens-pasta-and-tomato-sauce,Children's Pasta & Tomato Sauce,Children's Menu,150.0 g,198,7.5,37.45,1.65,0.37,,0.9,4.25,,,false,true,,,On IKEA's restaurant menu(s); sold in 20 of 26 Great Britain stores
mushroom-soup,Mushroom Soup,Soups,200.0 g,94,2.2,7.2,5.8,2.2,,1.6,1.4,,,false,true,,,On IKEA's restaurant menu(s); sold in 19 of 26 Great Britain stores
salad-bowl,Salad Bowl,Salads,80.0 g,12.8,0.72,1.78,0.2,0.06,,0.02,1.58,,,false,true,,,On IKEA's restaurant menu(s); sold in 19 of 26 Great Britain stores
pasta-salad,Pasta Salad,Salads,205.0 g,303.4,10.93,24.19,17.23,4.81,,2.2,3.3,,,false,true,,,"On IKEA's restaurant, swedish-cafe, swedish-deli menu(s); sold in 22 of 26 Great Britain stores"
fruit-salad,Fruit Salad,Salads,250.0 g,130,1.5,34.25,0.25,0,,0.03,25.25,,,false,true,,,"On IKEA's restaurant menu(s); sold in 20 of 26 Great Britain stores; printed kcal (130) is 12% below 4P+4C+9F (145); within what fibre can explain, so published"
gravadlax-plate,Gravadlax Plate,Cold Plates and Starters,120.0 g,266.4,15.7,10.68,18.02,1.7,,1.96,10.28,,,false,true,,,"On IKEA's restaurant, swedish-cafe, swedish-deli menu(s); sold in 23 of 26 Great Britain stores"
tomato-and-mozzarella,Tomato & Mozzarella,Cold Plates and Starters,152.0 g,288.8,8.2,4.48,26.54,7.07,,0.45,1.83,,,false,true,,,"On IKEA's restaurant, swedish-cafe menu(s); sold in 20 of 26 Great Britain stores"
marinated-salmon-wrap,Marinated Salmon Wrap,Sandwiches and Wraps,150.1 g,333.22,14.76,36.5,13.87,1.41,,1.8,10.96,,,false,true,,,"On IKEA's restaurant, swedish-cafe, swedish-deli menu(s); sold in 22 of 26 Great Britain stores"
shrimp-and-egg-sandwich,Shrimp & Egg Sandwich,Sandwiches and Wraps,285.1 g,493.22,29.69,24.42,30.33,4.86,,1.74,6.58,,,false,true,,,"On IKEA's restaurant, swedish-cafe menu(s); sold in 19 of 26 Great Britain stores"
chips,Chips,Side Dishes,150.0 g,202.5,3.75,32.25,5.25,0.6,,0.15,0.6,,,false,true,,,"On IKEA's restaurant, swedish-bite, swedish-deli menu(s); sold in 23 of 26 Great Britain stores"
mashed-potatoes-plant-based,Mashed Potatoes (plant based),Side Dishes,150.0 g,135,2.55,20.85,4.07,0.44,,0.95,0.53,,,false,true,,,"On IKEA's restaurant, swedish-bite, swedish-deli menu(s); sold in 25 of 26 Great Britain stores"
cous-cous-with-vegetables,Cous Cous with Vegetables,Side Dishes,140.0 g,175,5.88,24.36,5.18,0.7,,0.83,5.18,,,false,true,,,On IKEA's restaurant menu(s); sold in 19 of 26 Great Britain stores
vegetable-medallion,Vegetable Medallion,Side Dishes,80.0 g,136,2.48,10.4,8.8,5.76,,0.54,1.12,,,false,true,,,On IKEA's restaurant menu(s); sold in 19 of 26 Great Britain stores
cinnamon-bun,Cinnamon Bun,"Pastries, Desserts and Cookies",90.0 g,278.1,5.13,43.92,8.64,4.6,,0.31,14.94,,,false,false,,,"On IKEA's restaurant, bistro, swedish-cafe, swedish-bite, swedish-deli menu(s); sold in 25 of 26 Great Britain stores"
chocolate-bun,Chocolate Bun,"Pastries, Desserts and Cookies",140.0 g,522.2,11.9,74.2,19.6,10.5,,1.16,32.2,,,false,false,,,"On IKEA's restaurant, bistro, swedish-cafe, swedish-bite, swedish-deli menu(s); sold in 25 of 26 Great Britain stores"
sugar-ring-doughnut,Sugar Ring Doughnut,"Pastries, Desserts and Cookies",50.0 g,201.5,3.1,23,10.5,4.5,,0.7,7.5,,,false,false,,,"On IKEA's restaurant, bistro, swedish-cafe, swedish-bite, swedish-deli menu(s); sold in 26 of 26 Great Britain stores"
chocolate-ring-doughnut,Chocolate Ring Doughnut,"Pastries, Desserts and Cookies",56.0 g,250.32,4.26,24.64,14.56,7.84,,0.73,7.84,,,false,false,,,"On IKEA's restaurant, bistro, swedish-cafe, swedish-bite, swedish-deli menu(s); sold in 26 of 26 Great Britain stores"
blueberry-muffin,Blueberry Muffin,"Pastries, Desserts and Cookies",120.0 g,462,5.52,57.6,22.8,3.12,,0.42,33.6,,,false,false,,,"On IKEA's restaurant, bistro, swedish-cafe, swedish-deli menu(s); sold in 26 of 26 Great Britain stores"
chocolate-muffin,Chocolate Muffin,"Pastries, Desserts and Cookies",120.0 g,531.6,6.84,61.2,28.8,7.2,,0.47,40.8,,,false,false,,,"On IKEA's restaurant, bistro, swedish-cafe, swedish-deli menu(s); sold in 26 of 26 Great Britain stores"
vanilla-muffin,Vanilla Muffin,"Pastries, Desserts and Cookies",120.0 g,514.8,6.36,62.4,26.4,3.24,,0.46,36,,,false,false,,,"On IKEA's restaurant, bistro, swedish-cafe, swedish-deli menu(s); sold in 26 of 26 Great Britain stores"
croissant-plant-based,Croissant (plant based),"Pastries, Desserts and Cookies",60.0 g,216,3.6,23.4,12,5.52,,0.52,3.3,,,false,false,,,"On IKEA's restaurant, swedish-cafe, swedish-deli menu(s); sold in 23 of 26 Great Britain stores"
danish-pastry,Danish Pastry,"Pastries, Desserts and Cookies",98.0 g,328.3,4.21,30.38,20.48,8.8,,0.35,10.49,,,false,false,,,"On IKEA's restaurant, swedish-cafe, swedish-deli menu(s); sold in 23 of 26 Great Britain stores"
chocolate-brownie,Chocolate Brownie,"Pastries, Desserts and Cookies",69.0 g,308.43,4,36.57,15.87,8.97,,0.36,21.39,,,false,false,,,"On IKEA's restaurant, swedish-cafe, swedish-deli menu(s); sold in 22 of 26 Great Britain stores"
daim-cake,Daim Cake,"Pastries, Desserts and Cookies",71.40 g,343.43,7.05,24.99,23.63,9.05,,0.27,24.44,,,false,false,,,"On IKEA's restaurant, swedish-cafe, swedish-bite, swedish-deli menu(s); sold in 26 of 26 Great Britain stores"
gooey-chocolate-cake,Gooey Chocolate Cake,"Pastries, Desserts and Cookies",57.0 g,216.6,2.29,33.69,7.7,1.25,,0.19,22.46,,,false,false,,,"On IKEA's restaurant, swedish-cafe, swedish-deli menu(s); sold in 23 of 26 Great Britain stores"
lemon-almond-cake,Lemon Almond Cake,"Pastries, Desserts and Cookies",70.0 g,301,6.12,23.73,20.2,9.37,,0.19,22.13,,,false,false,,,"On IKEA's restaurant, swedish-cafe menu(s); sold in 23 of 26 Great Britain stores"
mazarin,Mazarin,"Pastries, Desserts and Cookies",55.0 g,236.5,2.86,29.15,11.55,4.29,,0.25,20.35,,,false,false,,,On IKEA's restaurant menu(s); sold in 20 of 26 Great Britain stores
princess-cake,Princess Cake,"Pastries, Desserts and Cookies",80.0 g,266.4,3.05,34.4,12.8,5.6,,0.18,27.84,,,false,false,,,"On IKEA's restaurant, swedish-cafe menu(s); sold in 21 of 26 Great Britain stores"
swedish-apple-cake,Swedish Apple Cake,"Pastries, Desserts and Cookies",93.0 g,309.69,5.3,33.48,16.74,6.88,,0.16,20.46,,,false,false,,,"On IKEA's restaurant, swedish-cafe menu(s); sold in 20 of 26 Great Britain stores"
apple-pie,Apple Pie,"Pastries, Desserts and Cookies",220.0 g,437.8,4.84,70.18,14.3,7.92,,0.24,40.7,,,false,false,,,"On IKEA's restaurant, swedish-cafe, swedish-deli menu(s); sold in 23 of 26 Great Britain stores"
tiramisu,Tiramisu,"Pastries, Desserts and Cookies",110.0 g,262.9,3.19,38.5,10.34,8.14,,0.1,30.8,,,false,false,,,"On IKEA's restaurant, swedish-deli menu(s); sold in 23 of 26 Great Britain stores"
cheesecake-with-berries-and-meringue-pieces,Cheesecake with Berries & Meringue Pieces,"Pastries, Desserts and Cookies",107.0 g,296.39,5.56,40.66,12.2,5.78,,0.12,25.04,,,false,false,,,"On IKEA's restaurant, swedish-cafe, swedish-deli menu(s); sold in 22 of 26 Great Britain stores"
cheesecake-with-blueberries-and-raspberries,Cheesecake with Blueberries & Raspberries,"Pastries, Desserts and Cookies",125.0 g,386.25,5.5,37.5,23.38,12.63,,0.41,24.13,,,false,false,,,"On IKEA's restaurant, swedish-cafe, swedish-deli menu(s); sold in 23 of 26 Great Britain stores"
cheesecake-with-strawberries,Cheesecake with Strawberries,"Pastries, Desserts and Cookies",108.0 g,265.68,3.67,29.16,14.9,7.67,,0.3,22.57,,contains_beef,false,false,,,"On IKEA's restaurant, swedish-cafe, swedish-bite, swedish-deli menu(s); sold in 25 of 26 Great Britain stores"
soft-ice-cream,Soft Ice Cream,"Pastries, Desserts and Cookies",70.0 g,84,2.38,10.78,3.5,2.31,,0.04,10.78,,,false,false,,,"On IKEA's restaurant, bistro, swedish-deli menu(s); sold in 20 of 26 Great Britain stores"
soft-ice-cream-with-kexchoklad,Soft Ice Cream with KEXCHOKLAD,"Pastries, Desserts and Cookies",82.0 g,148.42,3.61,18.56,6.57,4.1,,0.09,16.09,,,false,false,,,"On IKEA's bistro, swedish-bite, swedish-deli menu(s); sold in 21 of 26 Great Britain stores"
cinnamon-bun-soft-ice-plant-based,Cinnamon Bun Soft Ice (plant based),"Pastries, Desserts and Cookies",70.0 g,100.8,0.3,16.44,3.71,3.08,,0.13,9.23,,,false,false,,,"On IKEA's bistro, swedish-deli menu(s); sold in 21 of 26 Great Britain stores"
strawberry-soft-ice-plant-based,Strawberry Soft Ice (plant based),"Pastries, Desserts and Cookies",80.00 g,79.2,0.32,19.04,0.08,0.01,,0.01,18.24,,,false,false,,,"On IKEA's bistro, swedish-deli menu(s); sold in 22 of 26 Great Britain stores"
4-extra-meatballs,4 Extra Meatballs,Add-ons,64.0 g,156.16,8.51,3.37,12.03,4.57,,0.82,0.43,,contains_pork|contains_beef,false,false,,,"On IKEA's restaurant, swedish-bite, swedish-deli menu(s); sold in 25 of 26 Great Britain stores"
4-extra-chicken-meatballs,4 Extra Chicken Meatballs,Add-ons,56.0 g,104.72,7.28,2.76,7.17,1.8,,0.84,0.33,,,false,false,,,On IKEA's restaurant menu(s); sold in 20 of 26 Great Britain stores
4-extra-plant-balls,4 Extra Plant Balls,Add-ons,64.0 g,145.92,5.06,6.53,10.62,1.6,,1.02,1.02,,,false,false,,,"On IKEA's restaurant, swedish-bite, swedish-deli menu(s); sold in 24 of 26 Great Britain stores"
4-extra-falafel,4 Extra Falafel,Add-ons,64.0 g,129.28,4.29,11.52,6.45,1.02,,0.64,1.47,,,false,false,,,"On IKEA's restaurant, swedish-bite, swedish-deli menu(s); sold in 23 of 26 Great Britain stores"
vegetable-samosa,Vegetable Samosa,Add-ons,90.0 g,133.2,3.81,21.65,0.92,0.29,,0.98,8.77,,,false,false,,,On IKEA's restaurant menu(s); sold in 19 of 26 Great Britain stores; printed kcal (133.2) is 17% above 4P+4C+9F (110); held back (see holdback.csv)
garlic-and-coriander-naan-bread,Garlic & Coriander Naan Bread,Add-ons,100.0 g,251,8.1,45.3,4.5,0.6,,1.08,2.8,,,false,false,,,On IKEA's restaurant menu(s); sold in 19 of 26 Great Britain stores
bread-roll-with-seeds,Bread Roll with Seeds,Add-ons,80.0 g,227.2,7.68,34.4,5.52,0.72,,0.88,2.32,,,false,false,,,"On IKEA's restaurant, swedish-cafe, swedish-deli menu(s); sold in 23 of 26 Great Britain stores"
kaiser-bread-roll,Kaiser Bread Roll,Add-ons,65.0 g,156,4.49,31.85,0.59,0.13,,0.72,1.82,,,false,false,,,"On IKEA's restaurant, swedish-cafe, swedish-deli menu(s); sold in 23 of 26 Great Britain stores"
garlic-bread,Garlic Bread,Add-ons,60.0 g,199.2,4.38,22.02,10.08,5.04,,0.49,2.04,,,false,false,,,"On IKEA's restaurant, swedish-deli menu(s); sold in 23 of 26 Great Britain stores"
onion-rings-3,Onion Rings (3),Add-ons,35.0 g,116.9,1.4,11.17,7.32,0.6,,0.33,0.98,,,false,false,,,"On IKEA's restaurant, swedish-deli menu(s); sold in 21 of 26 Great Britain stores"
peas,Peas,Add-ons,50.0 g,33,2,5,0,0,,0.01,0.5,,,false,false,,,"On IKEA's restaurant, swedish-deli menu(s); sold in 22 of 26 Great Britain stores"
butter-portion,Butter Portion,Add-ons,7.0 g,51.66,0.04,0.06,5.7,3.66,,0.12,0.06,,,false,false,,,"On IKEA's restaurant, swedish-cafe, swedish-bite menu(s); sold in 25 of 26 Great Britain stores"
sunflower-spread-portion,Sunflower Spread Portion,Add-ons,10.0 g,61.9,0.05,0.05,7,1.7,,0.14,0.05,,,false,false,,,"On IKEA's restaurant, swedish-cafe, swedish-bite menu(s); sold in 25 of 26 Great Britain stores"
whipped-cream,Whipped Cream,Add-ons,25.00 g,82,0.68,1,8.38,7.15,,0.03,1,,,false,false,,,"On IKEA's restaurant, swedish-cafe, swedish-deli menu(s); sold in 20 of 26 Great Britain stores; IKEA's page can show a per-ingredient table; the whole-portion values are used"
chocolate-flake,Chocolate Flake,Add-ons,8.00 g,42.96,0.65,4.48,2.48,1.52,,0.06,4.44,,,false,false,,,"On IKEA's bistro, swedish-deli menu(s); sold in 23 of 26 Great Britain stores"
mango-chutney,Mango Chutney,Add-ons,30.0 g,75.6,0.24,18,0,0,,0.14,18,,,false,false,,,On IKEA's restaurant menu(s); sold in 19 of 26 Great Britain stores
cream-sauce-portion-and-condiments,Cream Sauce Portion & Condiments,Add-ons,225.0 g,639,11.65,80.08,32.21,13.29,,11.08,29.76,,,false,false,,,"On IKEA's restaurant, bistro, swedish-cafe, swedish-bite, swedish-deli menu(s); sold in 25 of 26 Great Britain stores; IKEA's portion is the cream sauce plus its free self-serve condiments (curry sauce, mayonnaise, lingonberry jam, mustards, ketchup) added together, not one sauce: not suggested as an order"
curry-topping-for-hot-dog,Curry Topping for Hot Dog,Add-ons,40.0 g,71.2,1.46,6.31,4.28,1.82,,0.52,3.97,,,false,false,,,On IKEA's bistro menu(s); sold in 19 of 26 Great Britain stores
crispy-onions-hot-dog-topping,Crispy Onions (hot dog topping),Add-ons,3.0 g,16.89,0.18,1.14,1.29,0.69,,0.05,0.33,,,false,false,,,"On IKEA's bistro, swedish-bite, swedish-deli menu(s); sold in 25 of 26 Great Britain stores"
pickled-red-cabbage-hot-dog-topping,Pickled Red Cabbage (hot dog topping),Add-ons,8.00 g,2.8,0.05,0.57,0,0,,0.07,0.56,,,false,false,,,"On IKEA's bistro, swedish-bite, swedish-deli menu(s); sold in 25 of 26 Great Britain stores"
gherkins-hot-dog-topping,Gherkins (hot dog topping),Add-ons,15.0 g,4.5,0.06,0.66,0.05,0,,0.26,0.66,,,false,false,,,"On IKEA's bistro, swedish-bite, swedish-deli menu(s); sold in 25 of 26 Great Britain stores"
laskande-apple-sparkling-drink,Läskande Apple Sparkling Drink,Cold Beverages,284.5 g,51.21,0.11,12.3,0.12,0.02,,0.01,11.76,,,false,false,,,"On IKEA's restaurant, bistro menu(s); sold in 20 of 26 Great Britain stores"
laskande-blackcurrant-soft-drink,Läskande Blackcurrant Soft Drink,Cold Beverages,284.1 g,56.82,0.18,13,0.03,0,,0.09,12.93,,,false,false,,,"On IKEA's restaurant, bistro menu(s); sold in 20 of 26 Great Britain stores"
laskande-cola-sugar-free-sparkling-drink,Läskande Cola Sugar Free Sparkling Drink,Cold Beverages,250.00 g,0,0,0.23,0,0,,0.01,0.03,,,false,false,,,"On IKEA's restaurant, bistro menu(s); sold in 20 of 26 Great Britain stores; printed as 0 kcal but 5 kJ"
laskande-lemonade-sparkling-drink,Läskande Lemonade Sparkling Drink,Cold Beverages,284.4 g,54.04,0.04,12.64,0.01,0.01,,0,12.61,,,false,false,,,"On IKEA's restaurant, bistro menu(s); sold in 20 of 26 Great Britain stores"
laskande-lingonberry-soft-drink,Läskande Lingonberry Soft Drink,Cold Beverages,285.1 g,57.02,0.11,13.26,0.01,0,,0,13.19,,,false,false,,,"On IKEA's restaurant, bistro menu(s); sold in 20 of 26 Great Britain stores"
laskande-raspberry-sparkling-drink,Läskande Raspberry Sparkling Drink,Cold Beverages,284.6 g,54.07,0.04,12.95,0,0,,0,12.95,,,false,false,,,"On IKEA's restaurant, bistro menu(s); sold in 20 of 26 Great Britain stores"
milkshake-with-chocolate-syrup,Milkshake with Chocolate Syrup,Cold Beverages,175.00 g,204.75,4.79,33.46,5.83,3.88,,0.32,31.98,,,false,false,,,On IKEA's bistro menu(s); sold in 19 of 26 Great Britain stores
milkshake-with-strawberry-syrup,Milkshake with Strawberry Syrup,Cold Beverages,175.00 g,204.75,4.64,33.67,5.76,3.84,,0.32,32.49,,,false,false,,,On IKEA's bistro menu(s); sold in 20 of 26 Great Britain stores
milkshake-with-banana-syrup,Milkshake with Banana Syrup,Cold Beverages,175.00 g,204.75,4.64,33.44,5.76,3.84,,0.32,32.32,,,false,false,,,On IKEA's bistro menu(s); sold in 20 of 26 Great Britain stores
black-coffee,Black Coffee,Hot Beverages,200.0 g,0,0,0,0,0,,0.01,0,,,false,false,,,"On IKEA's restaurant, bistro, swedish-cafe, swedish-bite, swedish-deli menu(s); sold in 26 of 26 Great Britain stores; printed as 0 kcal but 2 kJ"
black-coffee-with-oat-milk,Black Coffee with Oat Milk,Hot Beverages,220.7 g,8.83,0.15,1.5,0.32,0.04,,0.02,0.88,,,false,false,,,"On IKEA's restaurant, bistro, swedish-cafe, swedish-bite, swedish-deli menu(s); sold in 26 of 26 Great Britain stores; printed kJ (41.93) and kcal (8.83) do not agree (kJ/kcal = 4.75); kcal is the number used"
latte,Latte,Hot Beverages,200.0 g,78,6.5,8.54,2.79,1.67,,0.21,8.54,,,false,false,,,"On IKEA's restaurant, bistro, swedish-cafe, swedish-bite, swedish-deli menu(s); sold in 26 of 26 Great Britain stores; printed kJ (358) and kcal (78) do not agree (kJ/kcal = 4.59); kcal is the number used"
cappuccino,Cappuccino,Hot Beverages,200.0 g,78,6.5,8.54,2.79,1.67,,0.21,8.54,,,false,false,,,"On IKEA's restaurant, bistro, swedish-cafe, swedish-bite, swedish-deli menu(s); sold in 26 of 26 Great Britain stores; printed kJ (358) and kcal (78) do not agree (kJ/kcal = 4.59); kcal is the number used"
espresso,Espresso,Hot Beverages,55.0 g,0,0,0,0,0,,0,0,,,false,false,,,"On IKEA's restaurant, bistro, swedish-cafe, swedish-deli menu(s); sold in 23 of 26 Great Britain stores; printed as 0 kcal but 0.55 kJ"
hot-chocolate,Hot Chocolate,Hot Beverages,221.0 g,137.02,2.38,28.08,1.66,1.48,,0.52,27.07,,,false,false,,,"On IKEA's restaurant, bistro, swedish-cafe menu(s); sold in 20 of 26 Great Britain stores"
tea-with-milk,Tea with Milk,Hot Beverages,202.5 g,8.1,0.7,0.92,0.3,0.18,,0.02,0.92,,,false,false,,,"On IKEA's restaurant, bistro, swedish-cafe, swedish-bite, swedish-deli menu(s); sold in 26 of 26 Great Britain stores; printed kJ (38.48) and kcal (8.1) do not agree (kJ/kcal = 4.75); kcal is the number used"
tea-with-oat-milk,Tea with Oat Milk,Hot Beverages,203.2 g,10.16,0.15,1.5,0.32,0.04,,0.02,0.88,,,false,false,,,"On IKEA's restaurant, bistro, swedish-cafe, swedish-bite, swedish-deli menu(s); sold in 26 of 26 Great Britain stores"
