name,page_url,image_url
Full Caribbean,https://turtlebay.co.uk/menu/bath,https://images.ctfassets.net/k1ttx7vjqtsp/5kVab4arNV7XZOTuEGcctz/e9da600df6b602138f163e90f9e2d957/digital__menu___1_.png
Honey Bunny Yardbird,https://turtlebay.co.uk/menu/bath,https://images.ctfassets.net/k1ttx7vjqtsp/37pRsrY8fJwSjE92uQtfTl/0ed60dba542404aac6d3aff9ca595e1f/Ailsa_template.png
Sunrise Steak & Egg,https://turtlebay.co.uk/menu/bath,https://images.ctfassets.net/k1ttx7vjqtsp/2QFOMugvBF6mBKeTIcFTE2/c22e44229557200ff3c845ca2a7679b8/4.png
Curry Goat Hash,https://turtlebay.co.uk/menu/bath,https://images.ctfassets.net/k1ttx7vjqtsp/7eWY2s9ijCHxMnfJuqsSlx/dd652d90603cf035bab64f433c670990/5.png
Vegan Yardbird,https://turtlebay.co.uk/menu/bath,https://images.ctfassets.net/k1ttx7vjqtsp/5flXKBKNupN455ZGAABbm2/31cab3f282fdcc305d90b0b4020c26a4/digital__menu_.png
Martinique Toast - Plantain,https://turtlebay.co.uk/menu/bath,https://images.ctfassets.net/k1ttx7vjqtsp/5w4bX4ltCIHKRGkDveQSUF/f1fe7ffce7122bda57fb5c4d2c9fc603/digital__menu___1_.png
Martinique Toast - Crispy Bacon,https://turtlebay.co.uk/menu/bath,https://images.ctfassets.net/k1ttx7vjqtsp/1nurm0gwfmiNzYe7W09czN/3d718194fc4569e13b26c58f0d247011/digital__menu___2_.png
Trini Doubles,https://turtlebay.co.uk/menu/bath,https://images.ctfassets.net/k1ttx7vjqtsp/F0FtPVZyzluvcZ0DP2LbC/d1914bd404a1dfaa6a8e1c4520bddcac/Trini_Doubles.png
Sweetcorn Fritters,https://turtlebay.co.uk/menu/bath,https://images.ctfassets.net/k1ttx7vjqtsp/1ynAs1fiBE0DR92BFgFrrw/5f3f8a37da0c4d58847dc864a6a71034/digital__menu___6_.png
Tamarind Pork,https://turtlebay.co.uk/menu/bath,https://images.ctfassets.net/k1ttx7vjqtsp/5UOwD6kAbnBqeYDsDLARgW/0dacef197b9a339a3b2575513d1fc484/Lani_template.png
Pit Prawns,https://turtlebay.co.uk/menu/bath,https://images.ctfassets.net/k1ttx7vjqtsp/4MARAGwIhzl0sdFq15gawa/100dda610fa73e0e293457b48ad8c454/5.png
Chilli Squid,https://turtlebay.co.uk/menu/bath,https://images.ctfassets.net/k1ttx7vjqtsp/6qmoaFY0N5RYyhpjyUk0LS/a4971fda23f30be9339b8b29b42d06e9/Squid.png
Mango Fried Chicken,https://turtlebay.co.uk/menu/bath,https://images.ctfassets.net/k1ttx7vjqtsp/4dRMxQcNt0VvOAgBXB3MmJ/d667e485ca799bc69126cc00bf006fcc/digital__menu___9_.png
Loaded Fries,https://turtlebay.co.uk/menu/bath,https://images.ctfassets.net/k1ttx7vjqtsp/4lb9xDODYHMBipcYbQ0RQ5/f4c33112b6f3ebc717f5f14cd3f91cf1/digital__menu___4_.png
Whole Sea Bream,https://turtlebay.co.uk/menu/bath,https://images.ctfassets.net/k1ttx7vjqtsp/1pkWS5aewQKvAIMMLtUcIL/d13feb1d0ce87b168e0fc0dfd55c8160/Lani_template__12_.png
Carib Steak,https://turtlebay.co.uk/menu/bath,https://images.ctfassets.net/k1ttx7vjqtsp/kJ0NbOn06fUcvq5an1hFZ/3f002f18a07c3122f8f0ec9b7075da08/digital__menu___10_.png
Grilled Octopus,https://turtlebay.co.uk/menu/bath,https://images.ctfassets.net/k1ttx7vjqtsp/6leGFbH3muQ0jkx6y1hn2I/d33caca0379a873b06dacc367078cc10/digital__menu___1_.png
Rum BBQ Ribs,https://turtlebay.co.uk/menu/bath,https://images.ctfassets.net/k1ttx7vjqtsp/2840RyzjOd4FPZYaHTgWFX/260024d60aa299d08cf6d8a123450b56/digital__menu___1_.png
Curry Goat,https://turtlebay.co.uk/menu/bath,https://images.ctfassets.net/k1ttx7vjqtsp/3vQ0nxDVyyYkZ81Pw6LGWi/3a14a79894bc47ef3709f66d068604d3/Lani_template__10_.png
Jamaican Brown Chicken,https://turtlebay.co.uk/menu/bath,https://images.ctfassets.net/k1ttx7vjqtsp/4RSfetQfShqnQed9jnz5rH/1709b8304cf0c07fe7bcc3e04bacb049/Lani_template__11_.png
Smashed Burger,https://turtlebay.co.uk/menu/bath,https://images.ctfassets.net/k1ttx7vjqtsp/6PCgHf9OiL3sBnFEVlzJve/1a4cd6eb4042ae707a2ab424d623d206/Lani_template__20_.png
Crispy Chicken Burger,https://turtlebay.co.uk/menu/bath,https://images.ctfassets.net/k1ttx7vjqtsp/7z8kyPtIufl2HsveN7oWFF/ffa4588ee16eaf20a217ed311ae7e849/Lani_template__19_.png
Carib Roti Wrap,https://turtlebay.co.uk/menu/bath,https://images.ctfassets.net/k1ttx7vjqtsp/4b9yGLFJbM5H3XkEy4N1OE/226c71baa828ccd2736982cfe6e2bea2/Lani_template__15_.png
Kingston Fried Chicken,https://turtlebay.co.uk/menu/bath,https://images.ctfassets.net/k1ttx7vjqtsp/5TroyVym3OvxMODFZQlwKl/66649349a4401868cf6524537e8249c5/digital__menu___5_.png
Rice & Peas,https://turtlebay.co.uk/menu/bath,https://images.ctfassets.net/k1ttx7vjqtsp/21pzHtCUAjpJeG4VR0lAym/e0dcd0f825808471768ff537ff43a396/2.png
Mac & Cheese (side),https://turtlebay.co.uk/menu/bath,https://images.ctfassets.net/k1ttx7vjqtsp/7GAnnDBgc7JL0w2GUHQSaG/05f3c97620167d4111e1da1be23bc89f/digital__menu___12_.png
Bara Roti,https://turtlebay.co.uk/menu/bath,https://images.ctfassets.net/k1ttx7vjqtsp/474aK4XEQdciDaa1fvHAPD/db431535eb2fed73f5ff3913b86afb56/2.png
Dumplings,https://turtlebay.co.uk/menu/bath,https://images.ctfassets.net/k1ttx7vjqtsp/4iRLBsgF2eApEacPSEuEPQ/f0d8689b948cdb3109eeb1ee43a87605/1.png
Garlic Flatbread,https://turtlebay.co.uk/menu/bath,https://images.ctfassets.net/k1ttx7vjqtsp/6TlssYv1y3Rc01DA8oDf69/009edef0db1a32438c8c91f0e12c9a90/3.png
Sweet Plantain,https://turtlebay.co.uk/menu/bath,https://images.ctfassets.net/k1ttx7vjqtsp/7HW9WrA2BmGvBNl6mdCUr5/baac25b3582c8826776b935e0d61a732/2.png
Salted Caramel Brownie,https://turtlebay.co.uk/menu/bath,https://images.ctfassets.net/k1ttx7vjqtsp/3AIWXsRBFNxown2BEj4i5H/2dc0546d6562f31c5c214661183f0f22/digital__menu_.png
Trio of Desserts,https://turtlebay.co.uk/menu/bath,https://images.ctfassets.net/k1ttx7vjqtsp/6b9ST15NV1xsSP9j26M6mR/b9f332a8498ae9c202b72cfc4296e907/digital__menu_.png
