item_id,file,source_url,retrieved_on
ambassador-gelato-one-scoop,1a535516088a.webp,https://www.auntieannes.co.uk/menu/ambassador-gelato-2/,2026-10-07
ambassador-gelato-three-scoops,1a535516088a.webp,https://www.auntieannes.co.uk/menu/ambassador-gelato-2/,2026-10-07
ambassador-gelato-two-scoops,1a535516088a.webp,https://www.auntieannes.co.uk/menu/ambassador-gelato-2/,2026-10-07
ambassador-milkshake-large,e22d706dd0d5.webp,https://www.auntieannes.co.uk/menu/ambassador-milkshake/,2026-10-07
ambassador-milkshake-regular,e22d706dd0d5.webp,https://www.auntieannes.co.uk/menu/ambassador-milkshake/,2026-10-07
american-hot-pizza-14-inch,bca7dce7e2a2.webp,https://www.auntieannes.co.uk/menu/american-hot-pizza/,2026-10-07
american-hot-pizza-8-inch,bca7dce7e2a2.webp,https://www.auntieannes.co.uk/menu/american-hot-pizza/,2026-10-07
american-hot-pizza-bake,33798c5075c6.webp,https://www.auntieannes.co.uk/menu/american-hot-pizza-bake/,2026-10-07
bacon-bun,4a592ee00c8a.webp,https://www.auntieannes.co.uk/menu/bacon-bun/,2026-10-07
bacon-egg-and-cheese-bun,9bea07d03624.webp,https://www.auntieannes.co.uk/menu/bacon-egg-and-cheese-bun/,2026-10-07
banoffee-milkshake-large,279f28aab8d7.webp,https://www.auntieannes.co.uk/menu/banoffee-milkshake/,2026-10-07
banoffee-milkshake-regular,279f28aab8d7.webp,https://www.auntieannes.co.uk/menu/banoffee-milkshake/,2026-10-07
bbq-chicken-pizza-14-inch,2629f45004a0.webp,https://www.auntieannes.co.uk/menu/bbq-chicken-pizza/,2026-10-07
bbq-chicken-pizza-8-inch,2629f45004a0.webp,https://www.auntieannes.co.uk/menu/bbq-chicken-pizza/,2026-10-07
bbq-dip,652390b1ec1f.webp,https://www.auntieannes.co.uk/menu/bbq-dip/,2026-10-07
bbq-meat-feast-pizza-14-inch,e5a4b11ae8c6.webp,https://www.auntieannes.co.uk/menu/bbq-meat-feast-pizza/,2026-10-07
bbq-meat-feast-pizza-8-inch,e5a4b11ae8c6.webp,https://www.auntieannes.co.uk/menu/bbq-meat-feast-pizza/,2026-10-07
bubblegum-milkshake-large,1fc3ca54883b.webp,https://www.auntieannes.co.uk/menu/bubblegum-milkshake/,2026-10-07
bubblegum-milkshake-regular,1fc3ca54883b.webp,https://www.auntieannes.co.uk/menu/bubblegum-milkshake/,2026-10-07
cappuccino-large,71fc7f6100d0.webp,https://www.auntieannes.co.uk/menu/cappucino/,2026-10-07
cappuccino-regular,71fc7f6100d0.webp,https://www.auntieannes.co.uk/menu/cappucino/,2026-10-07
caramel-dip,1d1ab55682d8.webp,https://www.auntieannes.co.uk/menu/caramel-dip/,2026-10-07
cheese-and-jalapeno-pretzel,97798eb2e95b.webp,https://www.auntieannes.co.uk/menu/cheese-jalapeno-pretzel/,2026-10-07
cheese-and-jalapeno-pretzel-dog-halal-beef,d916519b837c.webp,https://www.auntieannes.co.uk/menu/cheese-jalapeno-pretzel-dog/,2026-10-07
cheese-and-jalapeno-pretzel-dog-original,d916519b837c.webp,https://www.auntieannes.co.uk/menu/cheese-jalapeno-pretzel-dog/,2026-10-07
cheese-and-pepperoni-pretzel,ab660c713f3e.webp,https://www.auntieannes.co.uk/menu/cheese-pepperoni-pretzel/,2026-10-07
cheese-and-pepperoni-pretzel-dog-halal-beef,d943df0fbf27.webp,https://www.auntieannes.co.uk/menu/cheese-pepperoni-pretzel-dog/,2026-10-07
cheese-and-pepperoni-pretzel-dog-original,d943df0fbf27.webp,https://www.auntieannes.co.uk/menu/cheese-pepperoni-pretzel-dog/,2026-10-07
cheese-pretzel-dog-halal-beef,a0d63abed41d.webp,https://www.auntieannes.co.uk/menu/cheese-pretzel-dog/,2026-10-07
cheese-pretzel-dog-original,a0d63abed41d.webp,https://www.auntieannes.co.uk/menu/cheese-pretzel-dog/,2026-10-07
cheese-stuffed-nuggets,ea6fc2a45de1.webp,https://www.auntieannes.co.uk/menu/cheese-stuffed-nuggets/,2026-10-07
cheesecake-passion-fruit-milkshake-large,e967272c0f5b.webp,https://www.auntieannes.co.uk/menu/cheesecake-passion-fruit-milkshake/,2026-10-07
cheesecake-passion-fruit-milkshake-regular,e967272c0f5b.webp,https://www.auntieannes.co.uk/menu/cheesecake-passion-fruit-milkshake/,2026-10-07
cheesecake-strawberry-milkshake-large,5a81e2047460.webp,https://www.auntieannes.co.uk/menu/cheesecake-strawberry-milkshake/,2026-10-07
cheesecake-strawberry-milkshake-regular,5a81e2047460.webp,https://www.auntieannes.co.uk/menu/cheesecake-strawberry-milkshake/,2026-10-07
chicken-pizza-14-inch,bfe45005624a.webp,https://www.auntieannes.co.uk/menu/chicken-pizza/,2026-10-07
chicken-pizza-8-inch,bfe45005624a.webp,https://www.auntieannes.co.uk/menu/chicken-pizza/,2026-10-07
cinnamon-nuggets,8ae3581c18e8.webp,https://www.auntieannes.co.uk/menu/cinnamon-nuggets/,2026-10-07
cinnamon-stix-3-stix,db4e91d28c3d.webp,https://www.auntieannes.co.uk/menu/cinnamon-stix/,2026-10-07
cinnamon-stix-6-stix,db4e91d28c3d.webp,https://www.auntieannes.co.uk/menu/cinnamon-stix/,2026-10-07
coconut-milkshake-large,6228c6d6675a.webp,https://www.auntieannes.co.uk/menu/coconut-milkshake/,2026-10-07
coconut-milkshake-regular,6228c6d6675a.webp,https://www.auntieannes.co.uk/menu/coconut-milkshake/,2026-10-07
dulce-de-leche-milkshake-large,7d9910d9e4fa.webp,https://www.auntieannes.co.uk/menu/dulce-de-leche-milkshake/,2026-10-07
dulce-de-leche-milkshake-regular,7d9910d9e4fa.webp,https://www.auntieannes.co.uk/menu/dulce-de-leche-milkshake/,2026-10-07
egg-and-cheese-bun,fc11c69b7790.webp,https://www.auntieannes.co.uk/menu/egg-and-cheese-bun/,2026-10-07
eton-mess-milkshake-large,44254fde59f1.webp,https://www.auntieannes.co.uk/menu/eton-mess-milkshake/,2026-10-07
eton-mess-milkshake-regular,44254fde59f1.webp,https://www.auntieannes.co.uk/menu/eton-mess-milkshake/,2026-10-07
farmhouse-pizza-14-inch,44f96b77491a.webp,https://www.auntieannes.co.uk/menu/farmhouse-pizza/,2026-10-07
farmhouse-pizza-8-inch,44f96b77491a.webp,https://www.auntieannes.co.uk/menu/farmhouse-pizza/,2026-10-07
firecracker-dip,8e937ffc04c0.webp,https://www.auntieannes.co.uk/menu/firecracker-dip/,2026-10-07
hawaiian-pizza-14-inch,bdedbe5d8f1d.webp,https://www.auntieannes.co.uk/menu/hawaiian-pizza/,2026-10-07
hawaiian-pizza-8-inch,bdedbe5d8f1d.webp,https://www.auntieannes.co.uk/menu/hawaiian-pizza/,2026-10-07
honeycomb-milkshake-large,4209a209b630.webp,https://www.auntieannes.co.uk/menu/honeycomb-milkshake/,2026-10-07
honeycomb-milkshake-regular,4209a209b630.webp,https://www.auntieannes.co.uk/menu/honeycomb-milkshake/,2026-10-07
hot-chocolate-large,cfff4f87073b.webp,https://www.auntieannes.co.uk/menu/hot-chocolate/,2026-10-07
hot-chocolate-regular,cfff4f87073b.webp,https://www.auntieannes.co.uk/menu/hot-chocolate/,2026-10-07
mango-milkshake-large,453ac5d74397.webp,https://www.auntieannes.co.uk/menu/mango-milkshake/,2026-10-07
mango-milkshake-regular,453ac5d74397.webp,https://www.auntieannes.co.uk/menu/mango-milkshake/,2026-10-07
mango-sorbet-gelato-one-scoop,d56b83615ad8.webp,https://www.auntieannes.co.uk/menu/mango-sorbet-gelato/,2026-10-07
mango-sorbet-gelato-three-scoops,d56b83615ad8.webp,https://www.auntieannes.co.uk/menu/mango-sorbet-gelato/,2026-10-07
mango-sorbet-gelato-two-scoops,d56b83615ad8.webp,https://www.auntieannes.co.uk/menu/mango-sorbet-gelato/,2026-10-07
margherita-pizza-14-inch,abeb95f3ab93.webp,https://www.auntieannes.co.uk/menu/margherita-pizza/,2026-10-07
margherita-pizza-8-inch,abeb95f3ab93.webp,https://www.auntieannes.co.uk/menu/margherita-pizza/,2026-10-07
margherita-pizza-bake,ef4da47afff5.webp,https://www.auntieannes.co.uk/menu/margherita-pizza-bake/,2026-10-07
marinara-dip,973864c0fddf.webp,https://www.auntieannes.co.uk/menu/marinara-dip/,2026-10-07
meat-feast-pizza-14-inch,9e9db817f0e9.webp,https://www.auntieannes.co.uk/menu/meat-feast-pizza/,2026-10-07
meat-feast-pizza-8-inch,9e9db817f0e9.webp,https://www.auntieannes.co.uk/menu/meat-feast-pizza/,2026-10-07
mini-pretzel-dogs-halal-beef,cc9be54b92c5.webp,https://www.auntieannes.co.uk/menu/mini-pretzel-dogs/,2026-10-07
mint-choc-chip-gelato-one-scoop,087a74a5fbf9.webp,https://www.auntieannes.co.uk/menu/mint-choc-chip-gelato-2/,2026-10-07
mint-choc-chip-gelato-three-scoops,087a74a5fbf9.webp,https://www.auntieannes.co.uk/menu/mint-choc-chip-gelato-2/,2026-10-07
mint-choc-chip-gelato-two-scoops,087a74a5fbf9.webp,https://www.auntieannes.co.uk/menu/mint-choc-chip-gelato-2/,2026-10-07
mint-choc-chip-milkshake-large,90a4362bd05c.webp,https://www.auntieannes.co.uk/menu/mint-choc-chip-milkshake/,2026-10-07
mint-choc-chip-milkshake-regular,90a4362bd05c.webp,https://www.auntieannes.co.uk/menu/mint-choc-chip-milkshake/,2026-10-07
mocha-large,8d782151a44a.webp,https://www.auntieannes.co.uk/menu/mocha/,2026-10-07
mocha-regular,8d782151a44a.webp,https://www.auntieannes.co.uk/menu/mocha/,2026-10-07
nutella-pull-apart,dc9d636a0818.webp,https://www.auntieannes.co.uk/menu/nutella-pull-apart/,2026-10-07
oreo-milkshake-large,c7a60ca3f6e4.webp,https://www.auntieannes.co.uk/menu/oreo-milkshake/,2026-10-07
oreo-milkshake-regular,c7a60ca3f6e4.webp,https://www.auntieannes.co.uk/menu/oreo-milkshake/,2026-10-07
original-nuggets,14ec4ace525d.webp,https://www.auntieannes.co.uk/menu/original-nuggets/,2026-10-07
original-pretzel-dog,a7597d6beae2.webp,https://www.auntieannes.co.uk/menu/original-pretzel-dog/,2026-10-07
original-pretzel-dog-halal-beef,a7597d6beae2.webp,https://www.auntieannes.co.uk/menu/original-pretzel-dog/,2026-10-07
original-stix-3-stix,c694d661b132.webp,https://www.auntieannes.co.uk/menu/original-stix/,2026-10-07
original-stix-6-stix,c694d661b132.webp,https://www.auntieannes.co.uk/menu/original-stix/,2026-10-07
peanutella-milkshake-large,dd862b1b6afc.webp,https://www.auntieannes.co.uk/menu/peanutella-milkshake/,2026-10-07
peanutella-milkshake-regular,dd862b1b6afc.webp,https://www.auntieannes.co.uk/menu/peanutella-milkshake/,2026-10-07
pepperoni-nuggets,580095945e6b.webp,https://www.auntieannes.co.uk/menu/pepperoni-nuggets/,2026-10-07
pepperoni-pizza-14-inch,4b3cc8a53dc9.webp,https://www.auntieannes.co.uk/menu/pepperoni-pizza/,2026-10-07
pepperoni-pizza-8-inch,4b3cc8a53dc9.webp,https://www.auntieannes.co.uk/menu/pepperoni-pizza/,2026-10-07
pepperoni-pizza-bake,4a167ace0e0e.webp,https://www.auntieannes.co.uk/menu/pepperoni-pizza-bake/,2026-10-07
pistachio-milkshake-large,4fb4b5585c8b.webp,https://www.auntieannes.co.uk/menu/pistachio-milkshake/,2026-10-07
pistachio-milkshake-regular,4fb4b5585c8b.webp,https://www.auntieannes.co.uk/menu/pistachio-milkshake/,2026-10-07
raspberry-sorbet-milkshake-large,fa16fab08403.webp,https://www.auntieannes.co.uk/menu/raspberry-sorbet-milkshake/,2026-10-07
raspberry-sorbet-milkshake-regular,fa16fab08403.webp,https://www.auntieannes.co.uk/menu/raspberry-sorbet-milkshake/,2026-10-07
salted-caramel-milkshake-large,0bc2b220fd80.webp,https://www.auntieannes.co.uk/menu/salted-caramel-milkshake/,2026-10-07
salted-caramel-milkshake-regular,0bc2b220fd80.webp,https://www.auntieannes.co.uk/menu/salted-caramel-milkshake/,2026-10-07
spicy-chicken-pizza-14-inch,8dfde3deb02e.webp,https://www.auntieannes.co.uk/menu/spicy-chicken-pizza/,2026-10-07
spicy-chicken-pizza-8-inch,8dfde3deb02e.webp,https://www.auntieannes.co.uk/menu/spicy-chicken-pizza/,2026-10-07
stracciatella-milkshake-large,1caaaeb102a5.webp,https://www.auntieannes.co.uk/menu/stracciatella-milkshake/,2026-10-07
stracciatella-milkshake-regular,1caaaeb102a5.webp,https://www.auntieannes.co.uk/menu/stracciatella-milkshake/,2026-10-07
strawberry-milkshake-large,9e7d4aefb460.webp,https://www.auntieannes.co.uk/menu/strawberry-milkshake/,2026-10-07
strawberry-milkshake-regular,9e7d4aefb460.webp,https://www.auntieannes.co.uk/menu/strawberry-milkshake/,2026-10-07
strawberry-sorbet-milkshake,60b0ab2976a3.webp,https://www.auntieannes.co.uk/menu/strawberry-sorbet-milkshake/,2026-10-07
sweet-chilli-dip,8d96cfba2012.webp,https://www.auntieannes.co.uk/menu/sweet-chilli-dip/,2026-10-07
the-big-bun,932bb62f8069.webp,https://www.auntieannes.co.uk/menu/the-big-bun/,2026-10-07
tiramisu-gelato-one-scoop,c61142da1f7d.webp,https://www.auntieannes.co.uk/menu/tiramisu-gelato-2/,2026-10-07
tiramisu-gelato-three-scoops,c61142da1f7d.webp,https://www.auntieannes.co.uk/menu/tiramisu-gelato-2/,2026-10-07
tiramisu-gelato-two-scoops,c61142da1f7d.webp,https://www.auntieannes.co.uk/menu/tiramisu-gelato-2/,2026-10-07
tiramisu-milkshake-large,d94e415dc4be.webp,https://www.auntieannes.co.uk/menu/tiramisu-milkshake/,2026-10-07
tiramisu-milkshake-regular,d94e415dc4be.webp,https://www.auntieannes.co.uk/menu/tiramisu-milkshake/,2026-10-07
vanilla-dip,551c51fcbe43.webp,https://www.auntieannes.co.uk/menu/vanilla-dip/,2026-10-07
vanilla-milkshake-large,1caaaeb102a5.webp,https://www.auntieannes.co.uk/menu/vanilla-milkshake/,2026-10-07
vanilla-milkshake-regular,1caaaeb102a5.webp,https://www.auntieannes.co.uk/menu/vanilla-milkshake/,2026-10-07
vanilla-nuggets,41a8585a58a3.webp,https://www.auntieannes.co.uk/menu/vanilla-nuggets/,2026-10-07
vanilla-stix-3-stix,1ccc42ff2917.webp,https://www.auntieannes.co.uk/menu/vanilla-stix/,2026-10-07
vanilla-stix-6-stix,1ccc42ff2917.webp,https://www.auntieannes.co.uk/menu/vanilla-stix/,2026-10-07
vegetarian-pizza-14-inch,a0ef0b793179.webp,https://www.auntieannes.co.uk/menu/vegetarian-pizza/,2026-10-07
vegetarian-pizza-8-inch,a0ef0b793179.webp,https://www.auntieannes.co.uk/menu/vegetarian-pizza/,2026-10-07
white-chocolate-milkshake-large,74c38c504778.webp,https://www.auntieannes.co.uk/menu/white-chocolate-milkshake/,2026-10-07
white-chocolate-milkshake-regular,74c38c504778.webp,https://www.auntieannes.co.uk/menu/white-chocolate-milkshake/,2026-10-07
