sainsburys-spaghetti-rings-pork-sausages-400g	g	415	99	4.2	1.4	11.0	3.5	0.7	3.9	0.60	2026-10-10	5
sainsburys-sweet-mild-whole-cherry-peppers-inspired-to-cook-380g-120g	g:as drained	485	115	<0.5	<0.1	26.1	25.8	2.8	<0.5	0.41	2026-10-10	5
sainsburys-thai-green-vegetable-soup-taste-the-difference-380g	g	193	46	1.8	1.4	5.3	0.8	1.3	1.4	0.53	2026-10-10	5
sainsburys-tomato-three-bean-soup-be-good-to-yourself-400g	g	239	57	<0.5	<0.1	8.7	2.1	2.2	3.4	0.47	2026-10-10	5
sainsburys-tuna-chunks-in-olive-oil-4x145g	g:as drained	795	190	10.1	1.7	<0.5	<0.5	0.6	24.4	0.69	2026-10-10	5
sainsburys-tuna-drained-ready-oil-120g	g	694	165	6.0	0.7	<0.5	<0.5	<0.5	27.0	0.85	2026-10-10	5
sainsburys-whole-baby-pickled-beetroot-in-vinegar-340g-221g	g	209	50	<0.5	<0.1	9.1	8.8	1.9	1.2	0.14	2026-10-10	5
sainsburys-wild-pacific-pink-salmon-212g	g	541	129	4.8	1.1	<0.5	<0.5	<0.5	21.1	0.84	2026-10-10	5
sarson-s-445g-sweet-and-mild-red-cabbage-215g	g:drained contents	119	29	<0.5	<0.1	4.9	4.9	2.2	0.8	0.9	2026-10-10	5
spam-bacon-200g	g	1132	273	22	8.4	3.7	1.3		15	2.8	2026-10-10	5
stagg-classic-chilli-con-carne-400g	g	531	127	6.4		8.6		2.3	8.8		2026-10-10	5
stamford-street-co-peach-slices-in-light-syrup-411g	g	303	71	<0.5	<0.1	16.4	16.2	0.9	0.5	0.02	2026-10-10	5
summer-pride-lychees-in-light-syrup-425g	g:drained	248	58			14.2		0.6	<0.5		2026-10-10	5
wikinger-hot-dogs-x5-380g	g:drained weight	867	209	17	6.1	1	0.5	<0.1	13	2	2026-10-10	5
sainsburys-lemon-herb-queen-green-olives-280g	g	695	169	17.0	2.4	1.8	<0.5	2.0	1.2	3.60	2026-10-10	5
sainsburys-green-lentils-so-organic-380g-230g	g:as drained	288	68	<0.5	<0.1	10.7	<0.5	1.7	4.9	0.03	2026-10-10	5
sainsburys-so-organic-pitted-green-olives-290g-130g	g:as drained	515	125	11.8	2.0	1.6	<0.5	4.0	1.1	3.36	2026-10-10	5
odysea-roasted-red-yellow-peppers-450g-350g	g:drained	128	31	<0.1	<0.1	6.2	4.5		0.7	0.7	2026-10-10	5
oxo-500ml-nourishing-chicken-bone-broth	ml	88	21	0.5	<0.5	1	0.5	0.5	3.1	0.8	2026-10-10	5
ben-s-original-250g-street-food-thai-style-sweet-chilli-noodles-ready-meal	g	773	183	3.8	0.7	32	6.6	1.3	4.8	0.6	2026-10-10	5
mutti-tomato-passata-400g	g	149	36	0.55	<0.51	5.1	4.5		1.6	0.5	2026-10-10	5
yutaka-sushi-ginger-120g	g	442	104	<0.1	<0.1	23	18		1.3	1.2	2026-10-10	5
batchelors-super-noodles-curry-flavour-75g	g:as prepared	547	131	5	2.5	17.8	1	1.5	2.8	0.6	2026-10-10	5
dolmio-classics-carbonara-fusilli-pasta-ready-meal-250g	g	364	86	1.5	0.8	13	1.7	0.7	4.5	0.6	2026-10-10	5
dolmio-feasts-chicken-garlic-rigatoni-pasta-ready-meal-250g	g	368	87	2	0.9	12	1.7	0.8	4.7	0.6	2026-10-10	5
heinz-chilli-black-beans-mexican-style-250g	g	303	72	2.2	<0.5	7.7	2.3	2.9	3.9	0.6	2026-10-10	5
itsu-chilli-miso-rice-noodle-pot-63g	g:as prepared per	271	64	0.6	<0.5	13	1.1	0.5	1.7	0.9	2026-10-10	5
maggi-3-minute-instant-noodles-chicken-flavour-4x59g	g:as prepared	371	88	3.4		12.2		0.5	2	0.5	2026-10-10	5
nissin-demae-ramen-chicken-flavour-japanese-noodlesoup-100g	ml:prepared product	380	91	4	2	11.1	<0.5		2	1.1	2026-10-10	5
nissin-soba-classic-wok-style-instant-cup-noodles-pot-90g	g	866	206	8.3	3.6	25.8	4.4		5.9	1.3	2026-10-10	5
nissin-soba-teriyaki-wok-style-instant-cup-noodles-pot-90g	g	858	205	8.1	3.7	26.3	4.1		5.5	1.5	2026-10-10	5
pot-noodle-bombay-bad-boy-90g	g:prepared	564	134	5.2	0.6	18	0.8	0.7	3	0.5	2026-10-10	5
pot-noodle-standard-snack-pot-chicken-fajita-90g	g:prepared	558	133	5.2	0.6	18	1.4	0.9	2.9	0.6	2026-10-10	5
amoy-straight-to-wok-rice-noodles-2-x-150g	g:per	544	130	<0.5	<0.5	29.9	1.6	1	2	<0.5	2026-10-10	5
batchelors-super-noodles-chow-mein-90g	g:as prepared	665	159	7.6	3.5	18.8	0.8	1.4	3.1	0.5	2026-10-10	5
ben-s-original-street-food-singapore-noodles-ready-meal-250g	g	766	182	6.2	1.7	26	3.4	1.3	5.1	0.7	2026-10-10	5
ko-lee-instant-noodles-chicken-flavour-70g	g:as prepared	457	109	6.6	2.9	9	<0.1	2.4	2.4	0.7	2026-10-10	5
mama-oriental-style-instant-noodles-shrimp-creamy-tom-yum-flavour-90g	g:prepared product	363	87	3.6	1.8	12	1		1.5	0.9	2026-10-10	5
nissin-soba-peking-duck-wok-style-instant-cup-noodles-pot-87g	g	879	210	9.5	4	25.7	4.7		4.5	1.3	2026-10-10	5
pot-noodle-chinese-chow-mein-90g	g:prepared	566	135	5.3	0.6	18	1.2	0.8	3.1	0.6	2026-10-10	5
ben-s-original-250g-favourites-peri-peri-chicken-vegetable-microwave-rice-meal	g	701	166	3.6	<0.5	27	1.3	1.7	4.7	0.6	2026-10-10	5
ben-s-original-mushroom-microwave-rice-220g	g	662	157	2.2	<0.5	30	0.5	1.3	3.4	0.5	2026-10-10	5
tilda-easy-meals-vegetable-paella-250g	g	560	133	3	<0.5	23	1.1	1.8	2.5	0.9	2026-10-10	5
dole-peach-in-strawberry-jelly-fruit-snacks-4x123g	g	305	73	<0.1	<0.1	18	18	0.5	<0.1	<0.5	2026-10-10	5
dole-mango-in-juice-fruit-snacks-4x113g	g	267	64	<0.1	<0.1	14	12	1	0.6	<0.1	2026-10-10	5
del-monte-fruit-cocktail-in-juice-415g-250g-drained	g:net content	207	49	<0.1	<0.1	11	11	1	0.5	<0.5	2026-10-10	5
heinz-baked-beans-in-a-rich-tomato-sauce-150g	g	302	71	<0.5	<0.5	11.7	4.7	3.2	4.1	0.6	2026-10-10	5
heinz-cream-of-chicken-soup-400g	g	207	50	2.7	<0.5	4.7	1.1	<0.5	1.6	0.6	2026-10-10	5
napolina-peeled-plum-tomatoes-400g	g	95	22	<0.5	<0.1	3.4	3.4	0.9	1.3	<0.5	2026-10-10	5
sainsburys-215g-tasty-tomato-sauce-reduced-sugar-salt-baked-beans	g	320	76	<0.5	<0.1	11.8	2.4	4.2	4.2	0.33	2026-10-10	5
sainsburys-cannellini-beans-in-water-400g-235g	g:as drained	427	101	0.6	<0.1	13.3	<0.5	6.4	7.5	0.03	2026-10-10	5
sainsburys-italian-plum-tomatoes-400g	g	93	22	<0.5	<0.1	3.8	3.8	0.8	1.1	<0.01	2026-10-10	5
sainsburys-sliced-carrots-in-water-300g-180g	g:drained	112	27	<0.5	<0.1	4.2	3.7	2.6	<0.5	0.08	2026-10-10	5
sainsburys-black-beans-carton-so-organic-380g-230g	g:as drained	379	91	0.9	0.2	8.2	<0.5	10.3	7.3	<0.01	2026-10-10	5
ktc-chopped-tomatoes-400g	g	69	16	0.5	<0.1	3	2.8	0.7	1	<0.5	2026-10-10	5
sainsburys-premium-peeled-plum-tomatoes-227g	g	93	22	<0.5	<0.1	3.8	3.8	0.8	1.1	<0.01	2026-10-10	5
sainsburys-dried-pineapple-30g	g	1331	314	<0.5	0.2	71.9	68.6	6.0	2.9	0.04	2026-10-10	5
batchelors-cup-a-soup-broccoli-cauliflower-x4-101g	g:as prepared	173	41	1.5	0.9	6.3	1	0.5	0.5	0.6	2026-10-10	5
batchelors-cup-a-soup-chicken-sachets-x4-81g	g:as prepared	1153	37	1.7	1	4.8	0.5	0.5	0.5	0.6	2026-10-10	5
batchelors-cup-a-soup-golden-vegetable-sachets-x4-82g	g:as prepared	135	32	0.9	0.6	5.6	0.7	0.5	0.5	0.6	2026-10-10	5
batchelors-cup-a-soup-tomato-sachets-x4-93g	g:as prepared	156	37	0.9	0.5	6.5	3.6	0.5	0.5	0.5	2026-10-10	5
batchelors-pasta-n-sauce-99g-chicken-mushroom-pasta-sachet	g:as prepared	474	112	0.9	<0.5	21.5	2.8	0.7	4.1	0.5	2026-10-10	5
baxters-super-good-pea-broccoli-and-basil-pesto-soup-400g	g	198	47	1.1	<0.5	5.9	1.5	2.2	2.3	0.5	2026-10-10	5
freja-560g-pea-leek-lemon-bone-broth-soup	g	175	42	1.9	<0.5	3.3	1.2	1.5	2.1	0.9	2026-10-10	5
heinz-minestrone-cup-packet-soup-4x18g	g	108	25	<0.5	<0.5	4.7	1.9	<0.5	0.6	0.5	2026-10-10	5
heinz-vegetable-cup-packet-soup-x4-76g	g	111	26	<0.5	<0.5	5.4	2.4	<0.5	0.5	0.5	2026-10-10	5
knorr-florida-spring-vegetable-dry-packet-soup-48g	ml:prepared	67	16	0.5	<0.5	3	0.8	0.5	0.5	0.7	2026-10-10	5
merchant-gourmet-smoky-spanish-rice-grains-250g	g	705	167	1.9	0.5	31	1.4	4.3	4.8	1.2	2026-10-10	5
oh-ricey-71g-beef-flavour-pho-noodles	g	1637	389	11	4.9	65	7	1	6.9	6.1	2026-10-10	5
sainsburys-be-good-to-yourself-tomato-basil-cup-soup-x5-16-5g	ml	121	28	<0.5	<0.1	6.3	2.7	<0.5	<0.5	0.47	2026-10-10	5
sainsburys-vegetable-soup-in-a-cup-with-croutons-x5-23g	ml	187	44	1.7	0.9	6.6	0.6	0.5	<0.5	0.56	2026-10-10	5
tilda-250g-smoked-paprika-chickpeas	g	659	157	3.7	0.5	20	1.8	5.9	8.2	0.7	2026-10-10	5
amino-tomato-instant-noodle-soup-with-tomato-pieces-parsley-leaf-61g	g	304	73	3.2	<0.5	9.2	0.8	0.5	1.3	0.7	2026-10-10	5
namdong-83g-noodle-pot-kimchi-jjigae	g:prepared	411	98	4.1	<0.5	13	0.6	0.8	1.6	0.9	2026-10-10	5
samyang-buldak-spicy-ramen-carbonara-hot-chicken-flavour-80g	g	1705	407		5.3	65	6	2.8	7.6	3.5	2026-10-10	5
merchant-gourmet-simply-cooked-red-white-quinoa-250g	g	774	184	3.2	<0.5	31	1.2	4	5.8	<0.5	2026-10-10	5
telma-tomato-cup-soup-with-croutons-2x31g	g:soup mix	1695	405	11.6	5.8	65.6	29.2		9.5	4.5	2026-10-10	5
namdong-120g-noodle-block-chicken-jjigae	g:prepared	375	90	3.1	<0.5	13	0.6	0.7	2	0.7	2026-10-10	5
maggi-2-minute-masala-spicy-noodles-70g	g	396	94	3.3		13.6		0.9	2.1	0.7	2026-10-10	5
sainsburys-polenta-400g	g:cooked	457	108	1.6	0.4	21.0	<0.5	1.3	1.8	<0.01	2026-10-10	5
bens-original-plant-powered-tikka-masala-curry-ready-meal-285g	g	382	91	2.8	1.1	10	3.3	4.8	4.1	0.9	2026-10-10	5
branston-360g-piccalilli-chilli	g	504	119	0.8	<0.5	27	23	0.8	0.8	2.3	2026-10-10	5
sainsburys-200g-plum-ruby-port-chutney-taste-the-difference	g	800	189	<0.5	<0.1	44.4	42.1		0.9	1.19	2026-10-10	5
sainsburys-pickled-pink-slaw-inspired-to-cook-340g-170g	g	295	70	<0.5	<0.1	15.8	13.3	1.3	0.7	0.65	2026-10-10	5
sainsburys-sticky-plum-sauce-150ml	g	1189	280	<0.5	<0.1	69.0	63.9	1.3	<0.5	2.89	2026-10-10	5
baxters-chef-selections-cream-of-asparagus-soup-400g	g	249	59	3.1	1.9	6.5	1.7	<0.5	1.1	0.8	2026-10-10	5
baxters-favourites-french-onion-soup-400g	g	156	37	0.5	<0.5	7.3	3.5	0.5	0.6	0.6	2026-10-10	5
century-180g-tuna-flakes-in-hot-spicy-sauce	?	712	170	14	4	2	1	<0.1	14	0.7	2026-10-10	5
golden-swan-425g-baby-corn-cobs-in-salted-water-can	g			<0.1	<0.1	5	1.7		2	<0.5	2026-10-10	5
laila-green-lentils-2kg	g	1383	327	1.9	<0.5	49	1.2	8.9	24	<0.5	2026-10-10	5
melis-pickled-hot-jalapeno-peppers-650g	g:oz	113	27	<0.5	<0.5	5.2	0.5	3.1	0.9	4.9	2026-10-10	5
mrs-elswood-cornichons-215g	g	193	46	0.5	<0.5	9.2	9		0.9	1.9	2026-10-10	5
polish-specialities-red-cabbage-650g	g	132	31	<0.5	<0.5	6	4.9		0.8	1.2	2026-10-10	5
rakusen-s-thick-pea-soup-400g	g	318	76	1.3	<0.5	11.1	2.4	3.2	3.2	1.2	2026-10-10	5
sainsburys-prunes-500g	g	1025	242	<0.5	<0.1	54.3	40.6	8.8	1.7	<0.01	2026-10-10	5
whitworths-figs-175g	g	906		1.2	<0.5	43.3		9.1	3.1	<0.5	2026-10-10	5
atora-200g-shredded-vegetable-suet	g	3355	815	85.1	49.3	10.6	0.55	0.5	1.5	<0.51	2026-10-10	5
bart-80g-mexican-chipotle-red-pepper-paste	g	271	64	1.2	<0.5	9.7	7.2		2.1	2	2026-10-10	5
bisto-best-chicken-gravy-granules-230g	g	1460	345	5.3	2.2	70.3	2.8	1.4	3.3	10.4	2026-10-10	5
bisto-best-vegetable-gravy-granules-230g	g	1497	354	5.8	<0.5	73.1	3.4	1.4	1.7	11.1	2026-10-10	5
bisto-onion-gravy-granules-190g	g	1658	395	15.4	10.9	59.3	16.9	3.2	3.2	11.6	2026-10-10	5
bisto-vegetable-gravy-granules-190g	g	1630	388	13.5	9.3	63.6	17.9	2.3	1.8	13.3	2026-10-10	5
freja-chicken-bone-broth-500ml	g	56	13	<0.1	<0.1	<0.5	<0.5		3.2	0.6	2026-10-10	5
knorr-20-x-10g-vegetable-stock-cubes	ml:prepared	29	7	0.5	<0.5	0.6	0.5	0.5	0.5	0.8	2026-10-10	5
knorr-8x-28g-chicken-stock-pots	ml:prepared	22	5	0.5	<0.5	0.5	0.5	0.5	0.5	0.9	2026-10-10	5
knorr-lamb-stock-pot-4x28g	ml:prepared	23	5	0.5	<0.5	0.5	0.5	0.5	0.5	0.9	2026-10-10	5
laoganma-crispy-chilli-in-oil-210g	g	2957	717	71.1	11.7	9.6	3.8		5.9	2.9	2026-10-10	5
mai-thai-aaa-jasmine-fragrant-rice-2kg	g	1475	347	0.9	<0.5	78	0.5		6.4	<0.5	2026-10-10	5
napolina-130g-red-wine-tomato-puree	g:uncooked	514	122	0.6	<0.5	23	15	3.3	4.4	<0.5	2026-10-10	5
oxo-ready-to-use-stock-signature-succulent-chicken-500ml	ml	50	12	0.5	<0.5	0.6	0.5	0.5	1.3	0.9	2026-10-10	5
oxo-reduced-salt-vegetable-stock-cubes-x12-71g	g	1318	312	4.6	2.1	58.2	19	2.3	8.1	18.2	2026-10-10	5
paxo-pork-sausage-meat-flavour-stuffing-mix-limited-edition-170g	g:cooked on pack	611	145	1.6	0.7	26.7	2.3	2.3	4.7	1.1	2026-10-10	5
potts-beef-stock-500ml	ml	60	14	<0.5	<0.5	<0.5	<0.5		2.7	1	2026-10-10	5
sainsburys-beef-dripping-320g	g	3686	897	99.4	54.8	<0.5	<0.5	<0.5	<0.5	0.02	2026-10-10	5
sainsburys-beef-stock-pots-x4-112g	ml:cooked	38	9	<0.5	<0.1	1.4	<0.5	<0.5	<0.5	0.70	2026-10-10	5
sainsburys-chicken-stockpots-x4-112g	ml:cooked	33	8	<0.5	<0.1	1.1	<0.5	<0.5	<0.5	0.59	2026-10-10	5
sainsburys-garlic-paste-inspired-to-cook-90g	g	305	72	<0.5	<0.1	13.8	3.9	1.4	2.8	0.96	2026-10-10	5
sainsburys-gravy-granules-for-meat-170g	ml:cooked	138	33	2.2	1.3	3.1	<0.5	<0.5	<0.5	0.84	2026-10-10	5
sainsburys-onion-gravy-granules-taste-the-difference-200g	ml	131	31	2.0	1.0	3.1	<0.5	<0.5	<0.5	0.68	2026-10-10	5
sainsburys-sage-onion-stuffing-mix-340g	g:oven cooked	436	103	1.2	0.5	19.4	1.1	1.6	2.9	0.98	2026-10-10	5
sainsburys-stock-cubes-beef-10x10g	g	25	6	<0.5	0.3	<0.5	<0.5	<0.5	<0.5	0.85	2026-10-10	5
sainsburys-vegetable-gravy-granules-170g	ml:cooked	128	31	1.8	1.0	3.3	<0.5	<0.5	<0.5	0.77	2026-10-10	5
stamford-street-co-medium-curry-powder-55g	g	1373	329	11.0	1.5	32.9	0.6	25.0	12.2	4.90	2026-10-10	5
gia-garlic-puree-90g	g	1394	338	34.9	4	4.7	4.7		0.5	9.1	2026-10-10	5
s-b-wasabi-43g	g	1129	272	14	2.7	46	3.6		1.6	7.6	2026-10-10	5
yutaka-shaoxing-rice-wine-15cl	ml	54	13	<0.1	<0.1	2.1	0.9	<0.1	1.1	<0.5	2026-10-10	5
yutaka-udon-noodles-250g	g:uncooked	1452	342	0.5	<0.5	71	2	3.9	12	1.1	2026-10-10	5
sainsburys-mirin-inspired-to-cook-150ml	ml	1267	301	0.6	<0.1	48.1	35.1	0.6	0.7	<0.01	2026-10-10	5
al-fez-middle-eastern-meatball-tagine-sauce-450g	g	383	91	3.5	<0.5	13	10	1.7	1.3	0.5	2026-10-10	5
blue-dragon-creamed-coconut-block-200g	g	2825	685	64	58	14	5.8		7.2	<0.5	2026-10-10	5
blue-dragon-thai-green-curry-paste-pot-50g	g	1597	385	27	24	26	14	7.8	5.5	4.6	2026-10-10	5
malay-taste-kicap-manis-150g	ml	1010	237	0.9	<0.5	55.9	52.9		1.3	2.8	2026-10-10	5
yutaka-sushi-nori-roasted-seaweed-sheets-x5-11g	g	1410	337	3.3	1.3	40	<0.1	7.7	41	1.8	2026-10-10	5
bisto-gravy-granules-190g	g	1665	397	16.3	11.2	59.8	12.2	2.1	1.7	14.4	2026-10-10	5
paxo-sage-onion-stuffing-mix-170g	g:cooked as pre instructio	507	120	1.3	0.6	22.8	1.1	1.7	3.4	1.1	2026-10-10	5
kallo-organic-beef-stock-cubes-8x11g	ml	29	7	0.5	<0.5	0.6	<0.5		<0.5	0.8	2026-10-10	5
kallo-very-low-salt-vegetable-stock-cubes-6x10g	ml	39	9	0.9	<0.5	0.9	<0.5		<0.5	<0.5	2026-10-10	5
marigold-reduced-salt-organic-bouillon-powder-140g	g:dry product	1061	251	2.3	<0.5	50.6	5.5		5.6	30.4	2026-10-10	5
oxo-reduced-salt-beef-with-onion-rosemary-stock-pots-x4-80g	g	739	176	5.2	2.4	24	8.4	4.6	6	12.2	2026-10-10	5
sainsburys-75g-ginger-paste-inspired-to-cook	g	267	65	4.5	0.4	3.9	3.1	2.9	0.7	3.10	2026-10-10	5
sainsburys-mild-chilli-powder-44g	g:typical analysis	1342	324	13.0	2.1	18.3	10.3		14.8	0.09	2026-10-10	5
stamford-street-co-mild-chilli-powder-40g	g:typical analysis	1480	357	17.4	2.8	20.2	6.6		14.5	1.83	2026-10-10	5
aunt-bessie-s-yorkshire-pudding-mix-120g	g:oven baked	1003	239	9.4	1.4	29	1.8	1.6	9.1	0.6	2026-10-10	5
sainsburys-dumpling-mix-inspired-to-cook-142g	g:cooked	1137	271	10.8	5.9	37.5	0.7	2.0	5.0	0.48	2026-10-10	5
bibigo-sliced-kimchi-150g	g	162	39	0.5	<0.5	8.2	4.5	2.2	1.4	1.6	2026-10-10	5
blue-dragon-365g-mild-thai-green-curry-sauce	g	443	106	6.9	4.7	9	4.9		1.2	0.8	2026-10-10	5
cofresh-325g-salted-boondi-snacks	g	1904	455	22	1.7	42	1.8		18	2	2026-10-10	5
gymkhana-300ml-rogan-josh-cooking-sauce	g	456	110	7.8	0.6	7.5	3	2.2	1.3	1.2	2026-10-10	5
kucharek-28g-dark-roast-gravy	g:of product	1246	294	2.8	1.3	60	7.4		6.4	20.6	2026-10-10	5
mahi-tamarind-pulp-cooking-paste-200g	g	1082	255	0.5	<0.1	59	59		3	2.5	2026-10-10	5
suhana-1kg-jaggery-powder	g	1531	366	1	1	94	90.1	<0.1	1.2	<0.5	2026-10-10	5
sainsburys-coconut-milk-400ml	ml	616	149	14.8	13.8	2.7	1.6	<0.5	1.3	0.05	2026-10-10	5
patak-s-indian-450g-reduced-fat-korma-curry-sauce	g	400	96	5.8	4.1	8.9	5.3		1.6	0.6	2026-10-10	5
belazu-koroneiki-crete-gold-extra-virgin-olive-oil-500ml	ml	3389	824	91.6	14	<0.1	<0.1		<0.1	<0.1	2026-10-10	5
crisp-n-dry-2l-100-vegetable-rapeseed-oil	ml	3393	825	91.7	7.3	<0.1	<0.1	<0.1	<0.1	<0.1	2026-10-10	5
filippo-berio-chilli-flavoured-olive-oil-250ml	ml	3378	822	91	14	<0.1	<0.1		<0.1	<0.1	2026-10-10	5
filippo-berio-extra-virgin-olive-oil-250ml	ml	3378	822	91.3	15.5	<0.1	<0.1	<0.1	<0.1	<0.1	2026-10-10	5
filippo-berio-olive-oil-extra-virgin-200ml	ml	3378	822	91.3	13.9	<0.1	<0.1		<0.1	<0.1	2026-10-10	5
good-phats-light-avocado-oil-spray	g	3627	867	100	23.6	<0.1	<0.1		<0.1	<0.1	2026-10-10	5
karyatis-500ml-spanish-extra-virgin-olive-oil	ml	3389	824	92	12.8	<0.1	<0.1		<0.1	<0.1	2026-10-10	5
karyatis-olive-oil-1l	ml	3389	824	91.6	13.3	<0.1	<0.1	<0.1	<0.1	<0.1	2026-10-10	5
mazola-pure-corn-oil-1l	ml	3408	829	92.1	12.4	<0.1	<0.1	<0.1	<0.1	<0.1	2026-10-10	5
napolina-light-in-colour-olive-oil-500ml	ml	3382	823	91.4	13.1	<0.1	<0.1	<0.1	<0.1	<0.1	2026-10-10	5
odysea-greek-extra-virgin-oil	ml	3389	824	91.6	12.8	<0.1	<0.1	<0.1	<0.1	<0.1	2026-10-10	5
sainsburys-air-fryer-oil-spray-200ml	ml	3413	830	92.0	7.7	<0.5	<0.5	<0.5	<0.5	<0.01	2026-10-10	5
sainsburys-extra-virgin-olive-oil-spray-200ml	ml	3382	823	91.4	15.4	<0.5	<0.5	<0.5	<0.5	<0.01	2026-10-10	5
napolina-olive-oil-750ml	ml	3382	823	91.4	13.1	<0.1	<0.1	<0.1	<0.1	<0.1	2026-10-10	5
sainsburys-italian-frantoio-extra-virgin-olive-oil-taste-the-difference-500ml	ml	3382	823	91.4	15.4	<0.5	<0.5	<0.5	<0.5	<0.01	2026-10-10	5
sainsburys-olive-oil-extra-virgin-1l	g	3382	823	91.4	15.4	<0.5	<0.5	<0.5	<0.5	<0.01	2026-10-10	5
sainsburys-olive-oil-light-in-colour-1l	ml	3382	823	91.4	15.4	<0.5	<0.5	<0.5	<0.5	<0.01	2026-10-10	5
sainsburys-sunflower-oil-3l	ml	3404	828	92.0	10.1	<0.5	<0.5	<0.5	<0.5	<0.01	2026-10-10	5
terra-delyssa-extra-virgin-olive-oil-750ml	ml	3374	821	91	19	<0.1	<0.1	<0.1	<0.1	<0.1	2026-10-10	5
odysea-organic-greek-extra-virgin-olive-oil-500ml	ml	3374	821	91.2	14	<0.1	<0.1		<0.1	<0.1	2026-10-10	5
odysea-greek-feast-hamper	g	515	123	6.4	0.9	13.5	3.1		2	1.4	2026-10-10	5
alfa-one-rice-bran-oil-500ml	ml	3400	813	92	21						2026-10-10	5
ktc-pressed-toasted-pure-sesame-oil-250ml	ml	3393	825	91.7	14.2	<0.1	<0.1	<0.1	<0.1	<0.1	2026-10-10	5
la-espanola-extra-virgin-olive-oil-750ml	ml	3381	822	91.4	12.8	<0.1	<0.1	<0.1	<0.1	<0.1	2026-10-10	5
laila-5l-olive-pomace-oil-blend	ml	3389	824	92	14	<0.1	<0.1		<0.1	<0.1	2026-10-10	5
bens-original-hot-chilli-con-carne-sauce-450g	g	242	57	0.6	<0.5	9.9	5.5	1.8	1.9	0.7	2026-10-10	5
capsicana-200g-mexican-ultimate-refried-black-beans	g	411	98	<0.5	<0.5	14	2.7	7.3	6.4	0.6	2026-10-10	5
capsicana-latin-flavour-mexican-style-tomato-chipotle-meatballs-sauce-kit-273g	g	636	152	9.5	1.1	12	6.6	4.2	2.5	1.8	2026-10-10	5
chicken-tonight-mushroom-sauce-500g	g	338	81	5.8	1.5	6.3	1.9	<0.5	0.6	0.9	2026-10-10	5
dolmio-bolognese-meatball-tomato-and-basil-pasta-sauce-450g	g	168	40	0.5	<0.5	7.4	6.3	1.2	1.5	0.6	2026-10-10	5
dolmio-bolognese-smooth-hidden-vegetable-pasta-sauce-450g	g	203	48	0.8	<0.5	7.8	6.2	1.7	1.5	0.7	2026-10-10	5
dolmio-lasagne-creamy-white-pasta-sauce-440g	g	396	95	7.3	2.7	6.7	3.4	0.5	0.5	0.8	2026-10-10	5
dolmio-pasta-bake-sauce-carbonara-430g	g	501	121	10	3.1	5.3	2.6	0.5	1.2	0.8	2026-10-10	5
dolmio-stir-in-sun-dried-tomato-pasta-sauce-150g	g	471	113	8	0.9	8	5.5	1.6	1.4	1.4	2026-10-10	5
heinz-350g-marry-me-pasta-sauce	g	331	79	3.9	2.4	7.9	4.9	1	2.6	0.7	2026-10-10	5
homepride-cheese-bacon-pasta-bake-sauce-485g	g	336	81	5.6	1	5.5	0.9	0.5	2	0.9	2026-10-10	5
homepride-tomato-bacon-pasta-bake-sauce-485g	g	441	106	7.9	1.3	7	4.2	0.8	1.4	1.1	2026-10-10	5
lee-kum-kee-char-siu-sauce-225g	g	1069	252	0.9	<0.5	60	55		0.9	11.1	2026-10-10	5
loyd-grossman-370g-smoky-spanish-style-sun-dried-tomato-paella-rice-meal-kit	g	687	164	5.3	0.6	24.5	4.1	3.3	2.9	0.9	2026-10-10	5
loyd-grossman-italian-grated-cheese-80g	g	2049	492	34.6	21.5	1.7	1.6	0.5	43.5	2.9	2026-10-10	5
loyd-grossman-pasta-sauce-roasted-garlic-tomato-350g	g	316	76	3.2	<0.5	9	6.3	1.4	2	0.9	2026-10-10	5
loyd-grossman-tomato-basil-pasta-sauce-660g	g	261	62	2.6	<0.5	7.8	6	0.8	1.5	0.8	2026-10-10	5
mutti-pizza-sauce-classica-400g	g	157	37	<0.5	<0.1	5.9	5.2		1.7	0.6	2026-10-10	5
nando-s-peri-peri-bag-bake-lemon-herb-20g	g:average quantity	1195	282	2.4	<0.5	63.8	32.2		3.2	18.1	2026-10-10	5
old-el-paso-287g-sweet-paprika-garlic-crunchy-taco-kit	g	1161	278	13.4	1.3	33.1	2.1	3.9	4.1	2	2026-10-10	5
old-el-paso-mexican-gluten-free-crunchy-nacho-chips-185g	g	1952	466	20.2	1.6	63.2	1.1	4.1	5.7	<0.5	2026-10-10	5
old-el-paso-mexican-oven-baked-crispy-chicken-fajita-kit-555g	g	1025	242	3.5	0.8	44.6	3.3	1.7	7.3	1.4	2026-10-10	5
old-el-paso-mexican-squeezy-chunky-guacamole-240g	g	391	94	5.6	2	8.8	1.2	1.7	1.3	0.9	2026-10-10	5
ottolenghi-170g-miso-pesto	g	1846	448	44.5	4.8	7.1	4.6	2	4.7	2.4	2026-10-10	5
sacla-190g-calabrian-nduja-pesto-sauce	g	1370	331	30	5.7	8.2	3	1.2	6.5	1.2	2026-10-10	5
sacla-chilli-pesto-190g	g	1281	311	30	3.5	5.5	4.1	2.9	3.2	1.4	2026-10-10	5
sacla-pesto-pots-no-1-classic-basil-2x45g	g	1635	396	38	5.6	7.5	3.6	2	5	2.7	2026-10-10	5
sainsburys-20g-parsley-sauce-mix	g:cooked	314	75	2.0	1.2	9.7	5.8	<0.5	4.2	0.69	2026-10-10	5
sainsburys-418g-al-pastor-soft-taco-kit-limited-edition	g	933	221	4.5	0.9	37.9	6.7	3.7	5.5	2.29	2026-10-10	5
sainsburys-chilli-con-carne-inspired-to-cook-41g	g:cooked	426	101	3.0	0.9	7.1	2.6	2.4	10.3	0.22	2026-10-10	5
sainsburys-crunchy-taco-shells-x12-150g	g	1890	450	16.8	1.5	66.5	0.8		6.2	0.03	2026-10-10	5
sainsburys-hunters-chicken-sauce-530g	g	356	84	<0.5	<0.1	19.3	13.7	<0.5	1.0	0.65	2026-10-10	5
sainsburys-mushroom-roasted-garlic-pasta-sauce-taste-the-difference-340g	g:cooked	450	108	6.7	3.1	6.5	3.3	3.0	4.0	0.73	2026-10-10	5
sainsburys-pasta-sauce-tomato-chilli-500g	g	175	41	<0.5	<0.1	7.8	5.8	<0.5	1.4	0.61	2026-10-10	5
sainsburys-sausage-casserole-recipe-mix-inspired-to-cook-39g	g	1373	324	0.9	0.3	66.3	18.9		9.6	3.15	2026-10-10	5
sainsburys-sweet-pepper-stir-in-pasta-sauce-150g	g	277	66	1.7	0.2	9.9	4.3	2.9	1.3	0.55	2026-10-10	5
sainsburys-tortilla-chips-200g	g	2067	494	22.5	1.8	64.7	1.0	5.5	5.3	0.53	2026-10-10	5
schwartz-35g-chicken-leek-bake-recipe-mix	g	1744	416	16.4	9.5	52.1	2.1	5.9	12	6.3	2026-10-10	5
the-spice-tailor-mexican-classic-fajita-sauce-salsa-meal-kit-245g	g	362	87	5	0.6	7.5	8.5	2.4	1.8	1.4	2026-10-10	5
heinz-tomato-black-garlic-roasted-garlic-pasta-sauce-350g	g	208	50	2.3	<0.5	4.9	4	1.3	1.7	0.7	2026-10-10	5
sainsburys-thai-red-curry-cooking-sauce-340g	g	299	72	5.2	2.8	4.9	2.5	1.0	0.9	0.47	2026-10-10	5
heinz-490g-tomato-basil-margherita-pasta-sauce	g	242	58	2.8	<0.5	5.6	4.4		1.8	0.7	2026-10-10	5
kirsty-s-takeaway-300g-sweet-sour-with-long-grain-rice-meal-kit	g	1253	296	3.5	0.8	60	13	1.7	5.8	<0.5	2026-10-10	5
sainsburys-free-from-cheese-sauce-36g	g:cooked	392	93	2.3	1.4	13.4	5.4	1.0	4.2	0.86	2026-10-10	5
sainsburys-fajita-spice-mix-30g	g	1188	282	3.7	0.6	48.7	14.5		7.7	18.26	2026-10-10	5
schwartz-cheddar-cheese-sauce-mix-40g	g	1566	370	4.8	2.8	70	2.3	0.8	11.4	6.7	2026-10-10	5
schwartz-pizza-express-garlic-basil-creamy-pasta-35g	g	1490	355	13.7	4.7	46.8	3.5	5.7	8.4	18.1	2026-10-10	5
schwartz-the-real-greek-chicken-gyros-wrap-recipe-mix-20g	g	1218	289	3.8	0.9	45.3	10.5	14	11.5	15	2026-10-10	5
batchelors-super-noodles-chinese-salt-pepper-chicken-flavour-instant-noodle-pot-75g	g:as prepared	544	130	5	2.6	17.7	1.1	1.5	2.7	0.6	2026-10-10	5
nissin-cup-noodles-seafood-japanese-style-instant-ramen-pot-75g	g:prepared product	379	90	3.5	1.8	11.5	0.7		2.5	1.2	2026-10-10	5
batchelors-big-super-noodles-pot-bbq-beef-flavour-100g	g:as prepared	549	131	5	2.6	17.9	0.7	1.4	2.8	0.6	2026-10-10	5
nissin-cup-noodles-5-spices-beef-flavour-instant-ramen-style-pot-64g	g:prepared product	325	78	3	1.5	9.6	0.9		2.6	1.2	2026-10-10	5
ottogi-jin-ramen-spicy-korean-style-instant-noodles-120g	g	1768	420	13	7.1	66	2.8		9.7	3.7	2026-10-10	5
amoy-straight-to-wok-udon-thick-noodles-2x150g	g	537	127	<0.5	<0.5	26	0.5	2.1	4.9	<0.5	2026-10-10	5
sainsburys-medium-noodles-quick-to-cook-x2-300g	g	759	180	2.4	0.3	32.0	<0.5	2.0	6.5	0.16	2026-10-10	5
sharwood-s-fine-egg-noodles-226g	g	1535	362	2.1	0.5	70.2	1.3	4.1	13.6	0.7	2026-10-10	5
sainsburys-microwave-rice-egg-fried-250g	g:cooked	637	151	1.7	0.3	29.9	<0.5	2.1	2.9	0.37	2026-10-10	5
tilda-microwave-rice-coconut-chilli-lemongrass-basmati-250g	g	638	152	6	3.3	21.4	0.6	1.4	2.4	<0.5	2026-10-10	5
lee-kum-kee-hot-chilli-soy-sauce-120ml	ml	329	77	<0.5	<0.1	13	10		5.3	19.8	2026-10-10	5
lee-kum-kee-teriyaki-sauce-200g	g	736	173	<0.5	<0.1	39	36		3.6	4.9	2026-10-10	5
blue-dragon-teriyaki-sauce-190ml	ml	1458	343	0.5	<0.5	84	80	0.5	1.6	8.5	2026-10-10	5
kikkoman-naturally-brewed-soy-sauce-250ml	ml	367	87	<0.1	<0.1	6.7	0.6		10	17.1	2026-10-10	5
winiary-mayonnaise-sauce-400ml	ml	3208	780	84.7	6.6	2.9	2.7	<0.5	1.4	0.7	2026-10-10	5
blue-dragon-chow-mein-stir-fry-sauce-120g	g	436	103	0.9	<0.5	23.2	16.5		0.8	1.5	2026-10-10	5
blue-dragon-teriyaki-chicken-rice-kit-332g	g	648	154	1.2	<0.5	33	6.1	1.6	2.4	0.8	2026-10-10	5
blue-dragon-thai-red-curry-paste-170g	g	720	173	12	1	12	6		2.2	2.2	2026-10-10	5
gymkhana-goan-curry-cooking-sauce-300ml	g	1035	250	21.9	14	11.4	3.7	1.5	2.6	1.3	2026-10-10	5
kikkoman-teriyaki-marinade-sauce-250ml	ml	420	99	<0.1	<0.1	12	11		6.7	10.2	2026-10-10	5
laila-mini-poppadoms-yoghurt-mint-coriander-75g	g	1961	468	21	1.4	58	2.9	5	8.8	2.2	2026-10-10	5
miso-tasty-white-miso-light-soybean-paste-200g	g	787	188	7.5	1	16.7	10.3	4.9	11	12	2026-10-10	5
patak-s-indian-2-x-70g-korma-curry-paste-pots	g	945	228	15.4	2.6	14.8	9.1		3	4.8	2026-10-10	5
patak-s-indian-283g-mild-curry-paste	g	1081	262	22.3	1.6	5.6	0.7		3.9	4.8	2026-10-10	5
sainsburys-aromatic-korma-curry-paste-inspired-to-cook-200g	g	522	125	4.7	1.8	16.1	8.9	5.8	1.6	0.94	2026-10-10	5
sainsburys-chinese-chip-shop-curry	g	174	41	<0.5	<0.1	8.4	3.1	0.8	0.6	0.70	2026-10-10	5
sainsburys-fragrant-tikka-curry-paste-inspired-to-cook-200g	g	335	80	2.7	0.4	8.6	3.9	5.9	2.5	0.99	2026-10-10	5
sainsburys-north-indian-style-karahi-curry-sauce-taste-the-difference-340g	g:cooked	419	101	6.2	1.8	8.6	4.8	2.0	1.6	0.51	2026-10-10	5
sainsburys-sweet-chilli-garlic-stir-fry-sauce-120g	g	457	108	<0.5	<0.1	25.8	22.2	<0.5	<0.5	0.94	2026-10-10	5
sainsburys-teriyaki-sauce-150ml	ml	741	174	<0.5	<0.1	41.3	34.5	1.6	1.5	4.51	2026-10-10	5
sharwood-s-chef-s-special-250g-green-tikka-indian-curry-sauce-meal-kit	g	483	117	9.9	5.6	4.6	2.7	2.2	1.2	0.8	2026-10-10	5
sharwood-s-kung-po-cooking-sauce-425g	g	491	116	1	<0.5	26	19	0.5	0.5	0.9	2026-10-10	5
sharwood-s-tikka-masala-indian-curry-sauce-kit-280g	g	452	109	7.3	5.1	6.3	2.4	3.8	2.6	1.1	2026-10-10	5
the-spice-tailor-300g-spicy-butter-chicken-indian-curry-sauce-meal-kit	g	605	146	10	5.5	9.6	6.3	3.5	2.6	1.3	2026-10-10	5
the-spice-tailor-keralan-coconut-curry-paste-120g	g	964	233	15.7	6.8	13.5	7	9.4	4.6	3.9	2026-10-10	5
the-spice-tailor-thai-red-curry-sauce-kit-275g	g	671	163	14.1	11.5	5	4.5	3.4	2.2	1.6	2026-10-10	5
yutaka-sushi-roll-meal-kit-260g	g	1090	257	0.9	<0.5	55.8	6.3		5.6	1.9	2026-10-10	5
patak-s-indian-312g-butter-chicken-curry-paste	g	1254	303	23	1.8	17	8.7		2.9	4.8	2026-10-10	5
ambrosia-400g-deluxe-apple-cinnamon-rice-pudding-dessert-can	g	502	119	4.3	2.8	16.6	9.7	0.5	3.5	<0.5	2026-10-10	5
ambrosia-deluxe-400g-rice-pudding-dessert-can	g	502	120	4.5	2.8	16.4	9.6	0.5	3.3	<0.5	2026-10-10	5
ambrosia-my-mini-6-x-55g-rice-lunchbox-snack-pots	g	438	104	2.5	1.5	17	9	<0.1	3.3	<0.5	2026-10-10	5
angel-delight-59g-banana-instant-dessert-mix	g:as prepared	449	107	2.9		16.3		1	3.3	0.5	2026-10-10	5
askeys-chocolate-chunk-crackin-ice-cream-topping-225g	g	2589	624	48	21	44	39		2.2	<0.5	2026-10-10	5
askeys-treat-toffee-dessert-sauce-325g	g	1404	331	2	1.3	77	73		1.4	<0.5	2026-10-10	5
aunty-s-sticky-toffee-puddings-200g	g	1240	296	5.5	1.9	54.7	36	1	3.7	0.6	2026-10-10	5
dole-fruit-in-jelly-mandarins-in-orange-flavour-jelly-x4-492g	g	296	71	<0.1	<0.1	17	17	0.6	<0.1	<0.5	2026-10-10	5
hartley-s-10-cal-700g-raspberry-flavour-jelly-pots	g	15	4	0.5	<0.5	0.5	0.5		0.5	<0.5	2026-10-10	5
hartley-s-125g-fruit-combos-lemon-lime-flavour-jelly-pot	g	118	28	0.5	<0.5	6.6	6.6		0.5	<0.5	2026-10-10	5
hartley-s-6-x-115g-strawberry-flavour-jelly	g	13	3	0.5	<0.5	0.5	0.5		0.5	<0.5	2026-10-10	5
hartley-s-orange-jelly-pot-125g	g	121	28	0.5	<0.5	6.7	6.6		0.5	<0.5	2026-10-10	5
mr-kipling-2-x-95g-golden-syrup-sponge-pudding-cake-dessert-pots	g	1534	366	14.9	5.2	54.8	37.4	0.7	2.7	0.5	2026-10-10	5
sainsburys-100g-christmas-pudding	g:cooked	1380	327	7.1	4.5	60.7	30.0	5.1	2.6	0.23	2026-10-10	5
sainsburys-compote-morello-cherry-taste-the-difference-400g	g	642	151	<0.5	<0.1	36.3	28.7	0.9	0.6	<0.01	2026-10-10	5
sainsburys-fan-wafers-x12	g	1814	429	7.8	6.0	82.8	36.7	1.2	6.4	0.41	2026-10-10	5
sainsburys-pudding-rice-500g	g	1485	350	0.6	<0.1	78.0	<0.5	1.4	7.4	<0.01	2026-10-10	5
sainsburys-salted-caramel-sauce-taste-the-difference-260g	g	1934	463	25.5	18.2	55.6	42.5	<0.5	2.5	1.12	2026-10-10	5
sainsburys-trifle-sponges-160g	g	1532	362	3.9	1.2	72.5	38.5	1.8	8.3	0.62	2026-10-10	5
the-glorious-mess-4-x-strawberry-meringue-nests	g	1565	374	<0.1	<0.1	88.1	88.1	<0.1	4.8	<0.5	2026-10-10	5
sainsburys-free-from-100g-christmas-pudding	g	1361	323	7.6	4.6	59.3	40.2	4.3	2.2	0.19	2026-10-10	5
ambrosia-100g-vanilla-custard-dessert-snack-pouch	g:per portion	422	100	3	2	15.6	12.1	0.5	2.7	<0.5	2026-10-10	5
ambrosia-deluxe-2-x-120g-madagascan-vanilla-custard-dessert-snack-pots	g	513	122	5	2.7	16	11.1	1	2.8	<0.5	2026-10-10	5
ambrosia-devon-500g-custard-dessert-carton	g	406	96	2.9	1.5	14.8	10.6	0.5	2.8	<0.5	2026-10-10	5
ambrosia-low-fat-custard-can-400g	g	378	89	1.8		15.4		<0.1	2.9	<0.5	2026-10-10	5
angel-delight-59g-strawberry-dessert-mix	g:as prepared	443	105	2.9		15.6		1.4	3.5	0.5	2026-10-10	5
bird-s-ready-to-pour-465g-brandy-flavour-dessert-sauce	g	373	88	1.4	0.8	16.2	11.9	0.5	2.7	<0.5	2026-10-10	5
hartley-s-jelly-black-cherry-135g	g	282	66	0.5	<0.5	15	14		1.2	<0.5	2026-10-10	5
hartley-s-sugar-free-blackcurrant-jelly-twin-pack-23g	g	1045	245	<0.1	<0.1	6.5	4		55	3.2	2026-10-10	5
nestl-carnation-light-condensed-milk-tin-405g	g	1186	279	<0.5		60.4		<0.1	8.9	<0.5	2026-10-10	5
stamford-street-co-400g-custard	g	305	72	0.9	0.6	13.0	8.7	1.0	2.5	0.10	2026-10-10	5
tate-and-lyle-golden-syrup-325g-pouring-bottle	g	1348	314	<0.1	<0.1	79	79		<0.5	0.7	2026-10-10	5
sainsburys-pancake-syrup-330g	g	1229	289	<0.5	0.2	70.8	47.8	<0.5	0.6	0.01	2026-10-10	5
askeys-treat-chocolate-dessert-sauce-325g	g	1336	315	1	0.6	74	70		1.7	<0.5	2026-10-10	5
allinson-s-white-strong-bread-flour-3kg	g	1477	348	1.7	<0.5	70	0.5	3.3	12	<0.5	2026-10-10	5
doves-farm-organic-fine-plain-wholemeal-flour-1kg	g	1425	337	2	<0.5	65	0.5	11	9.3	<0.5	2026-10-10	5
doves-farm-organic-white-flour-1kg	g	1476	348	1.9	<0.5	69	<0.5	5.1	11	<0.5	2026-10-10	5
homepride-plain-pre-sieved-flour-1-5kg	g	1444	341	0.9	<0.5	70.8	1.9		9.8	<0.5	2026-10-10	5
sainsburys-00-grade-pasta-flour-taste-the-difference-1kg	g	1489	351	0.9	0.2	72.1	1.4	2.8	12.3	<0.01	2026-10-10	5
sainsburys-strong-stoneground-100-wholemeal-flour-1-5kg	g	1417	335	2.2	0.3	58.4	2.1	9.1	15.9	<0.01	2026-10-10	5
elephant-atta-1-5kg-medium-chapatti-flour	g	1431	338	2	<0.5	66	1.7	5.8	11	<0.5	2026-10-10	5
mcdougalls-1kg-speciality-supreme-sponge-self-raising-flour	g	1599	377	1.5	<0.5	79.6	0.6	4	9.3	0.9	2026-10-10	5
sainsburys-self-raising-flour-500g	g	1434	338	1.6	0.3	70.0	<0.5	4.0	9.0	0.88	2026-10-10	5
sainsburys-mixed-dried-fruit-500g	g	1372	324	0.9	0.2	73.9	73.9	5.6	2.3	0.07	2026-10-10	5
napolina-penne-pasta-500g	g:uncooked	1508	356	1.5	<0.5	72	3	3	12	<0.5	2026-10-10	5
sainsburys-tagliatelle-pasta-500g	g	685	161	0.6	0.1	32.9	1.6	1.6	5.3	<0.01	2026-10-10	5
sainsburys-white-caster-sugar-500g	g	1700	400	<0.5	<0.1	100.0	100.0	<0.5	<0.5	0.01	2026-10-10	5
mcvitie-s-ginger-nut-biscuits-250g	g	1939	461	16.5	7.8	71.3	28.9	2.3	5.8	1	2026-10-10	5
sainsburys-rich-tea-biscuits-200g	g	1928	458	13.3	6.1	76.3	17.1	1.7	7.3	0.70	2026-10-10	5
cadbury-dairy-milk-345g-chocolate-gift-bar	g	2232	534	30	18	57	56		7.3		2026-10-10	5
lindt-lindor-milk-chocolate-truffles-box-200g	g	2587	623	47	35	44	43		4.9	<0.5	2026-10-10	5
carr-s-melts-original-crackers-150g	g	1994	476	22	14.3	56.2	7.3	6	10.4	1.8	2026-10-10	5
jacob-s-150g-cheddars-red-leicester-flavour-cheese-biscuits	g	2181	523	32.4	16.1	45.8	4.1	2.8	10.4	1.5	2026-10-10	5
jacob-s-cornish-wafers-crackers-150g	g	2229	533	29.1	14.1	57.6	<0.5	2.7	8.9	0.9	2026-10-10	5
jacob-s-krackawheat-230g	g	1927	459	17.6	8.7	61.1	1	6.5	10.7	1.7	2026-10-10	5
jacob-s-tuc-original-snack-crackers-150g	g	2185	523	30.2	13.9	54.6	6.6	2.7	7	2.4	2026-10-10	5
mccoy-s-classic-variety-pack-crisps-6x25g	g	2210	529	31	2.5	54	1.9	3.9	6.5	2.1	2026-10-10	5
walkers-wotsits-really-cheesy-multipack-crisps-snacks-6x16-5g	g	2059	494	31.9	2.9	46.2	7.2	<0.5	5.4	1.6	2026-10-10	5
capsicana-285g-mexican-chipotle-habanero-hot-salsa	g	803	192	0.5	<0.5	8.2	4.6	1.6	1.3	1.4	2026-10-10	5
mrs-crimble-s-gluten-free-jam-coconut-rings-x6-240g	g	1791	428	20.6	18	54.5	42.8		3.9	<0.5	2026-10-10	5
sainsburys-free-from-172g-brillionaire-bites-chocolate-bites-taste-the-difference	g	2017	483	26.8	16.2	54.4	40.3	1.5	5.2	0.35	2026-10-10	5
sainsburys-free-from-605g-chocolate-orange-nutcracker-tiffin-traybake	g	2184	523	30.4	11.7	58.0	39.5	2.4	3.1	0.30	2026-10-10	5
sainsburys-free-from-chocolate-muffins-taste-the-difference-x2	g:muffin	1724	412	19.7	4.7	53.2	31.4	1.1	4.9	0.41	2026-10-10	5
sainsburys-free-from-nut-raisin-granola-350g	g	1822	434	13.6	2.8	61.9	15.3	8.9	11.5	0.03	2026-10-10	5
sainsburys-long-life-oat-drink-1l	ml	164	39	1.3	0.2	6.0	4.2	<0.5	0.7	0.10	2026-10-10	5
kettle-130g-lightly-salted-potato-chips	g	2068	494	25.4	3	56.7	<0.5	4.1	7.7	0.7	2026-10-10	5
seabrook-crinkle-cut-crisps-sea-salted-6x25g	g	2149	514	28.9	2.8	55.9	<0.5		5.7	1.4	2026-10-10	5
angus-oink-rub-me-hella-nashty-nashville-hot-chicken-meat-vegetable-seasoning-30g	g	1301	308	4	0.6	57	47.5	9.8	6.1	16.9	2026-10-10	5
bart-30g-chimichurri-spice-blend	g	1203	287	4.4	0.7	37.1	8.6		14.3	7.8	2026-10-10	5
bart-45g-cajun-spice-blend	g	1190	286	10.5	1.2	21.3	3.5		15.1	22.2	2026-10-10	5
brewdog-cajun-fries-seasoning-25g	g	1039	247	4.1	0.9	35	15	14	11	30	2026-10-10	5
cape-herb-spice-rub-louisiana-cajun-seasoning-100g	g	787	189	7.8		15.2		13.8	7.6	47	2026-10-10	5
colman-s-chicken-casserole-recipe-mix-40g	g:prepared	386	92	3.9	1	6.7	1.9	1	7.2	<0.5	2026-10-10	5
colman-s-recipe-mix-chicken-chasseur-43g	g:prepared	301	72	2.1	0.6	3.5	1.6	0.7	9.8	0.5	2026-10-10	5
colman-s-recipe-mix-spaghetti-bolognese-44g	g:prepared	427	102	2.2	0.7	12	1.5	1.3	7.6	<0.5	2026-10-10	5
knorr-90g-aromat-chilli-all-purpose-savoury-seasoning	g:unprepared	755	180	6.1	2.6	23	2.9	5.4	7.3	51.5	2026-10-10	5
losalt-reduced-sodium-salt-alternative-350g	g	0.1	0.1	<0.1	<0.1	<0.1	<0.1		<0.1	33	2026-10-10	5
sainsburys-30g-smoky-bbq-fajita-seasoning	g	1266	300	4.1	1.0	54.0	34.6	11.0	6.4	16.43	2026-10-10	5
sainsburys-bay-leaves-3g	g:typical analysis	1439	344	8.0	2.0	48.0	<0.5		7.0	0.06	2026-10-10	5
sainsburys-brunch-seasoning-taste-the-difference-70g	g	1122	267	4.2	0.8	39.7	29.8	11.6	11.7	18.72	2026-10-10	5
sainsburys-celery-salt-78g	g:typical analysis	401	97	6.3	0.6	2.6	<0.5	6.1	4.4	73.00	2026-10-10	5
sainsburys-chives-5g	g:typical analysis	1344	320	3.5	0.6	38.1	<0.5		21.0	0.18	2026-10-10	5
sainsburys-coriander-seed-25g	g:typical analysis	1427	346	17.8	1.0	13.1	<0.5		12.4	0.09	2026-10-10	5
sainsburys-dill-13g	g:typical analysis	1329	316	4.4	0.2	42.2	37.6		20.0	0.53	2026-10-10	5
sainsburys-garlic-granules-58g	g:typical analysis	1462	345	0.8	<0.1	62.8	20.0		16.8	0.07	2026-10-10	5
sainsburys-ground-black-pepper-48g	g:typical analysis	1159	277	3.3	1.4	38.7	0.6		10.4	1.50	2026-10-10	5
sainsburys-ground-cumin-43g	g:typical analysis	1785	428	22.3	1.5	33.8	2.3		17.8	0.42	2026-10-10	5
sainsburys-ground-nutmeg-50g	g:typical analysis	2092	505	36.3	25.9	28.5	28.5		5.8	0.04	2026-10-10	5
sainsburys-herbes-de-provence-14g	g:typical analysis	622	150	4.8	1.5	10.8	1.5		6.0	0.09	2026-10-10	5
sainsburys-korean-style-bbq-seasoning-inspired-to-cook-60g	g	1212	288	4.5	0.9	43.6	25.9	15.1	10.7	15.72	2026-10-10	5
sainsburys-mild-smoky-bbq-inspired-to-cook-44g	g	1262	300	4.7	0.7	45.1	24.0	17.6	10.6	4.66	2026-10-10	5
sainsburys-mixed-peppercorns-43g	g	1228	293	4.3	1.5	41.3	2.9		9.5	0.08	2026-10-10	5
sainsburys-oregano-12g	g:typical analysis	1276	308	10.3	2.7	21.6	4.1		11.0	0.04	2026-10-10	5
sainsburys-pickling-spice-30g	g:typical analysis	1540	371	17.6	1.7	24.6	1.4		13.4	0.10	2026-10-10	5
sainsburys-rock-salt-350g	g	4.2	1	<0.5	<0.1	<0.5	<0.5		<0.5	97.25	2026-10-10	5
sainsburys-savoury-caramelised-rotisserie-seasoning-taste-the-difference-65g	g	1217	288	2.5	0.4	51.6	28.8	8.2	10.7	11.85	2026-10-10	5
sainsburys-smoked-paprika-98g	g:typical analysis	1342	324	13.0	2.1	18.3	10.3		14.8	0.09	2026-10-10	5
sainsburys-thyme-12g	g:typical analysis	1193	287	7.7	2.7	26.9	1.7		9.1	0.14	2026-10-10	5
stamford-street-co-garlic-granules-70g	g:typical analysis	1617	382	0.7	0.2	72.7	2.4	9.0	16.6	0.07	2026-10-10	5
stamford-street-co-paprika-40g	g:typical analysis	1341	324	13.0	2.1	18.3	10.3		14.8	0.09	2026-10-10	5
yutaka-roasted-black-sesame-seeds-100g	g	2150	518	38	5.7	22	2.3	11	22	<0.5	2026-10-10	5
maggi-so-juicy-sweet-spicy-mexican-chicken-herbs-spices-recipe-mix-38g	g	1300	308	5.1		53.5		8.8	7.1	14.9	2026-10-10	5
maggi-so-juicy-sweet-sticky-bbq-chicken-herbs-spices-recipe-mix-41g	g	1538	363	2		77.8		2.3	4.1	6.3	2026-10-10	5
lee-kum-kee-premium-mushroom-seasoning-powder-200g	g	960	226	<0.5	<0.1	52	19		4.3	38.2	2026-10-10	5
prymat-20g-apple-pie-cakes-desserts-seasoning	g:of product	1354	322	0.8	<0.5	63	50		2.2	<0.5	2026-10-10	5
suhana-butter-chicken-masala-spice-mix-50g	g	1661	397	18.7	5.6	46	23.8	13.4	11.4	8.4	2026-10-10	5
betty-crocker-400g-honeycomb-flavour-icing	g	1794	427	15.5	8.3	71.8	69.3	<0.1	<0.1	0.6	2026-10-10	5
betty-crocker-classic-coffee-cake-mix-425g	g:cake mix	1603	379	4.6	2.6	78	46.3	1	5.8	1.3	2026-10-10	5
betty-crocker-red-velvet-chocolate-cake-mix-450g	g:cake mix	1603	379	4.9	2.8	76.8	47.6	1.9	6	1.3	2026-10-10	5
betty-crocker-velvety-vanilla-cake-mix-425g	g:cake mix	1602	378	4.6	2.6	77.9	46.4	1	5.9	1.3	2026-10-10	5
cake-angels-bluey-ooh-fancy-cupcake-kit-171g	g:as made	1520	361	12.3	6.3	57.9	37	0.5	4.5	<0.5	2026-10-10	5
cake-d-cor-90g-edible-blood-cake-decoration-limited-edition	g	1357	319	0.5	<0.5	79.8	62.8		<0.5	<0.5	2026-10-10	5
dr-oetker-9g-wafer-confetti-sprinkles	g:average	1514	356	0.6	<0.1	87	1		<0.1	<0.5	2026-10-10	5
dr-oetker-chocolatey-sprinkles-mix-103g	g	1680	397	5.3	3.4	83	72		2.3	<0.5	2026-10-10	5
dr-oetker-milk-chocolate-gold-pearls-cake-decorations-x12	g:average	1977	470	17	10	74	65		4.6	<0.5	2026-10-10	5
dr-oetker-vege-gel-gelatine-sachets-3x6-5g	g	1095	260	<0.1	<0.1	55	55	20	<0.1	1.3	2026-10-10	5
food-thoughts-beautiful-400g-ginger-cake-mix	g	1732	410	7.5	1.4	78	47	2.3	6.2	0.6	2026-10-10	5
house-of-cake-12-x-holly-christmas-sugar-decorations	g	1666	398	<0.5		98.7			0.7	<0.5	2026-10-10	5
house-of-cake-carrot-sugar-decorations-25g	g	1666	398	<0.5		98.7			0.7	?	2026-10-10	5
house-of-cake-pastel-sprinkles-mix-68g	g	1828	433	9.8	9.8	86	63		<0.1	<0.02	2026-10-10	5
house-of-cake-sugar-decorations-x48	g	1653	396	<0.5		94.5			4.1	<0.5	2026-10-10	5
mohapx-sunflower-seeds-300g	g	579	2424	47.7		27.4			19.7	<0.1	2026-10-10	5
naturya-organic-maca-powder-125g	g	1380	327	0.8	<0.5	61	38	18	10	<0.5	2026-10-10	5
paw-patrol-cupcake-kit-183g	g:baked	1428	338	6.3	2.6	65.7	48	<0.5	4.5	0.5	2026-10-10	5
sainsburys-320g-gonk-shortbread-kit	g:cooked	1855	441	16.0	11.5	71.6	54.0	0.8	2.4	0.16	2026-10-10	5
sainsburys-400g-halloween-brookie-monsters-kit	g:cooked	1676	398	12.0	8.1	66.6	39.5	2.7	4.6	0.43	2026-10-10	5
sainsburys-70g-haunted-pumpkin-bat-sprinkles	g	1759	415	5.0	3.2	92.3	77.2	<0.5	<0.5	0.06	2026-10-10	5
sainsburys-almonds-blanched-100g	g	2650	641	55.8	4.4	6.9	4.2	6.2	24.6	0.02	2026-10-10	5
sainsburys-apricots-200g	g	962	228	<0.5	<0.1	49.2	36.4	9.5	2.7	<0.01	2026-10-10	5
sainsburys-chocolate-brownie-mix-375g	g:cooked	1741	415	16.5	9.2	61.1	48.4	1.4	4.7	0.12	2026-10-10	5
sainsburys-chopped-mixed-nuts-200g	g	2606	630	53.8	5.5	8.6	5.7	5.0	25.3	0.03	2026-10-10	5
sainsburys-cut-mixed-peel-200g	g	1291	305	0.8	0.3	71.2	52.8	6.2	<0.5	0.28	2026-10-10	5
sainsburys-fairtrade-brazil-nuts-100g	g	2887	700	68.2	17.4	3.1	2.4	8.5	14.3	<0.01	2026-10-10	5
sainsburys-glace-cherries-200g	g	1385	326	<0.5	<0.1	80.5	61.2	<0.5	<0.5	0.02	2026-10-10	5
sainsburys-green-food-colouring-60ml	?			<1	<1	<1	<1		<1	<1	2026-10-10	5
sainsburys-lemon-juice-250ml	g	98	23	<0.5	<0.1	1.2	1.2	<0.5	<0.5	0.06	2026-10-10	5
sainsburys-mango-35g	g	1417	334	<0.5	<0.1	78.6	62.1	4.8	1.9	0.26	2026-10-10	5
sainsburys-pancake-mix-shaker-155g	g:cooked	598	142	2.6	0.3	25.4	2.3	1.2	3.7	0.55	2026-10-10	5
sainsburys-pink-white-100-s-1000-s-80g	g:typical analysis	1662	392	2.9	0.5	91.0	74.9		<0.5	0.03	2026-10-10	5
sainsburys-polka-dot-cookie-mix-275g	g	1944	464	21.0	13.0	62.9	33.8	1.9	4.8	0.39	2026-10-10	5
sainsburys-red-velvet-cupcake-kit-280g	g	1797	429	19.6	13.4	59.1	46.9	1.0	3.4	0.33	2026-10-10	5
sainsburys-stem-ginger-350g	g:as drained	1240	292	0.8	0.3	70.5	63.1	1.0	<0.5	0.10	2026-10-10	5
sainsburys-vanilla-cupcake-mix-290g	g:cooked	1717	410	19.4	12.4	55.6	44.2	<0.5	3.3	0.35	2026-10-10	5
sainsburys-white-marzipan-454g	g	1758	418	12.8	1.1	67.2	65.5	3.7	6.6	0.02	2026-10-10	5
sainsburys-yellow-food-colouring-60ml	?			<1	<1	<1	<1		<1	<1	2026-10-10	5
whitworths-blocked-stoned-dates-350g	g	1247	294	<0.5	<0.5	67.4		6.6	2	<0.5	2026-10-10	5
yum-yay-glorious-milled-golden-flaxseed-200g	g	2109	511	39.9	4	5.3	2.6	21.9	21.6	<0.5	2026-10-10	5
linwoods-organic-cold-milled-flaxseed-200g	g	2173	526	41		6.5		20	23	<0.5	2026-10-10	5
sainsburys-desiccated-coconut-so-organic-200g	g	2588	628	62.0	53.4	6.4	6.4	11.2	5.6	0.07	2026-10-10	5
linwoods-organic-sprouted-sunflower-seeds-125g	g	2758	669	62		0.8		15.8	20	<0.5	2026-10-10	5
doves-farm-wholemeal-buckwheat-flour-1kg	g	1480	349	2.1	<0.5	68	0.8	3.1	13	<0.5	2026-10-10	5
sainsburys-golden-multiseed-bread-mix-taste-the-difference-500g	g:cooked	1155	275	8.3	1.6	36.9	2.2	4.8	10.7	0.71	2026-10-10	5
wright-s-ciabatta-bread-mix-500g	g:cooked	1096	259	1.6		47.7		4	11.5	0.9	2026-10-10	5
doves-farm-gluten-free-quick-yeast-125g	g	1486	355	5.7	0.9	19	14	27	44	<0.5	2026-10-10	5
betty-crocker-chocolate-fudge-icing-400g	g	1675	399	16.2	8.9	60.8	58.2	2	1.5	0.7	2026-10-10	5
betty-crocker-zesty-lemon-icing-400g	g	1787	425	15.5	8.5	71.4	69.2	<0.1	<0.1	0.7	2026-10-10	5
sainsburys-icing-sugar-500g	g	1700	400	<0.5	<0.1	100.0	97.0	<0.5	<0.5	0.02	2026-10-10	5
sainsburys-ready-to-roll-red-icing-250g	g	1747	413	6.4	3.4	88.5	87.8	0.7	<0.5	0.04	2026-10-10	5
sainsburys-white-designer-icing-120g	g	1730	410	10.0	4.1	79.7	72.3	<0.5	<0.5	0.21	2026-10-10	5
camp-chicory-coffee-essence-liquid-241ml	ml	1080	254	0.5	<0.5	61	45		1.3	<0.5	2026-10-10	5
fudco-deluxe-assorted-nuts-250g	g	2666	645	59	9.2	9.4	4.2	6.4	16	<0.5	2026-10-10	5
fudco-whole-almonds-500g	g	2675	646	52.3	4.5	15.6	4.7	9.8	23.3	<0.5	2026-10-10	5
linwoods-organic-cold-milled-flaxseed-sunflower-pumpkin-chia-seeds-goji-berries-425g	g	2163	523	40		11		18	22	<0.5	2026-10-10	5
dr-oetker-150g-chocolatey-milk-chocolate-flavour-cake-covering	g	2569	618	46	37	46	45		4.1	<0.5	2026-10-10	5
dr-oetker-milk-chocolate-chip-chunks-100g	g	2288	548	31	19	61	56		5.5	<0.5	2026-10-10	5
food-thoughts-100g-milk-chocolate-chips	g	2394	572	39	23.3	51	47.2	2.4	6.9	<0.5	2026-10-10	5
sainsburys-100g-dark-chocolate-chips	g	2329	560	37.5	22.9	42.3	29.6	6.4	10.1	<0.01	2026-10-10	5
sainsburys-dark-chocolate-chips-100g	g	2180	522	29.1	17.9	55.4	49.1	4.9	7.2	0.02	2026-10-10	5
forest-feast-salted-dark-chocolate-almonds-120g	g	2356	566	43	15	31	28	7.6	12	0.8	2026-10-10	5
sainsburys-chocolate-peanut-raisin-mix-200g	g	1951	468	24.9	5.0	42.5	40.4	8.9	13.9	0.05	2026-10-10	5
sainsburys-salted-caramel-nut-mix-taste-the-difference-175g	g	2426	585	44.5	4.8	23.9	17.6	7.5	18.5	0.35	2026-10-10	5
fudco-extra-light-walnut-halves-400g	g	2736	654	65	6	14	3	7	15	<0.5	2026-10-10	5
natco-cashew-kernels-750g	g	2314	553	43.9	7.8	30.2	5.9	3.3	18.2		2026-10-10	5
bear-fruit-dried-strawberries-35g	g	1218	291	<0.5	<0.1	67	58	6.1	2	<0.1	2026-10-10	5
sainsburys-sunflower-seeds-100g	g	2623	634	54.6	5.9	11.2	2.7	6.7	21.1	<0.01	2026-10-10	5
bear-fruit-dried-strawberries-90g	g	1218	291	<0.5	<0.1	67	58	6.1	2	<0.1	2026-10-10	5
batchelors-big-pasta-n-sauce-85g-chicken-mushroom-flavour-instant-pasta-pot	g:as prepared	337	80	0.7	<0.5	15.8	1.7	0.5	2.3	0.5	2026-10-10	5
batchelors-pasta-n-sauce-200g-tomato-basil-microwave-ready-meal-pasta	g	375	89	2.8	<0.5	12.1	1.8	0.8	3.5	0.6	2026-10-10	5
pot-noodle-112g-chicken-mushroom-instant-block-noodles	g:prepared	442	106	3.7	<0.5	15	0.8	0.5	2.7	0.7	2026-10-10	5
namdong-84g-creamy-cheese-noodle-pot	g:prepared	572	137	5.7	0.7	18	1.4	0.9	2.5	0.7	2026-10-10	5
napolina-farfalle-pasta-500g	g:uncooked	1508	356	1.5	<0.5	72	3	3	12	<0.5	2026-10-10	5
sainsburys-red-white-quinoa-250g	g:cooked	659	157	3.2	0.4	25.1	1.1	4.3	4.7	0.03	2026-10-10	5
want-want-seaweed-rice-crackers-10x160g	g	2057	490	21	9.1	70	12		5.3	1.4	2026-10-10	5
bonne-maman-black-cherry-conserve-370g	g	1031	243	<0.5	<0.1	59	59	1.1	0.7	<0.1	2026-10-10	5
bonne-maman-fig-conserve-370g	g	1034	243	<0.5	<0.1	59	59	1.4	0.7	<0.1	2026-10-10	5
bonne-maman-intense-strawberry-conserve-335g	g	688	162	<0.5	<0.1	39	39	1.6	0.5	<0.1	2026-10-10	5
bonne-maman-strawberry-conserve-750g	g	1023	241	<0.5	<0.1	59	59	1.2	<0.5	<0.1	2026-10-10	5
duerr-s-fine-cut-seville-orange-marmalade-340g	g	1232	290	<0.5	<0.1	69.5	64.6	4.1	0.6	<0.5	2026-10-10	5
hartley-s-190g-100-strawberry-fruit-spread	g	693	164	0.5	<0.5	38	31		0.7	<0.5	2026-10-10	5
hartley-s-best-of-raspberry-seedless-jam-300g	g	1006	237	0.5	<0.1	58	58		0.5	<0.5	2026-10-10	5
hilltop-honey-blossom-honey-340g	g	1306	307	0.5	<0.5	76	76	0.5	0.5	<0.5	2026-10-10	5
mackays-seville-orange-marmalade-340g	g	1145	269	<0.1		67			<0.5	<0.1	2026-10-10	5
manilife-deep-roast-smooth-peanut-butter-275g	g	2541	613	49.3	6.5	9.1	6.4	8.8	26.9	0.9	2026-10-10	5
marmite-classic-yeast-extract-spread-500g	g:unprepared	1100	260	0.5	<0.5	30	1.2		34	10.8	2026-10-10	5
meridian-crunchy-almond-butter-170g	g	2688	650	56	4.4	6.5	4	12	25	<0.1	2026-10-10	5
nutella-hazelnut-chocolate-spread-1kg	g			30.9	10.6	57.5	56.3		6.3	<0.5	2026-10-10	5
pasieka-multiflower-honey-1kg	g	1416	333	<0.1	<0.1	83	72		0.5	<0.1	2026-10-10	5
pip-nut-crunchy-peanut-butter-300g	g	2475	595	49	6.1	10	5.4	7.5	27	0.6	2026-10-10	5
pip-nut-smooth-peanut-butter-300g	g	2469	593	49	6.2	11	6.6	7.4	27	0.5	2026-10-10	5
princes-crab-paste-75g	g	429	102	2.9	0.6	4.7	1.1	1.1	13.7	1	2026-10-10	5
robertson-s-mamade-thin-cut-seville-oranges-850g	g	1158	272			67.9	66.2		<0.5		2026-10-10	5
sainsburys-1kg-100-smooth-peanut-butter	g	2567	619	49.6	6.6	11.2	6.4	7.9	28.1	0.02	2026-10-10	5
sainsburys-340g-smooth-organic-peanut-butter	g	2701	652	55.2	11.2	12.2	4.7	4.8	24.3	0.70	2026-10-10	5
sainsburys-blackcurrant-conserve-taste-the-difference-340g	g	1081	255	1.0	0.5	59.7	55.3	2.4	0.5	0.30	2026-10-10	5
sainsburys-chocolate-hazelnut-creme-taste-the-difference-300g	g	2468	594	43.0	5.7	44.0	43.0	3.0	6.2	0.12	2026-10-10	5
sainsburys-ginger-preserve-454g	g	1144	269	<0.5	<0.1	66.2	65.0	0.7	0.7	0.04	2026-10-10	5
sainsburys-lemon-curd-411g	g	1220	288	4.8	1.8	60.3	56.8	<0.5	0.8	0.24	2026-10-10	5
sainsburys-orange-marmalade-medium-cut-454g	g	1132	267	<0.5	<0.1	65.5	65.5	1.0	<0.5	0.10	2026-10-10	5
sainsburys-peanut-butter-smooth-700g	g	2586	624	50.9	7.0	13.7	7.0	6.4	24.6	0.63	2026-10-10	5
sainsburys-reduced-sugar-strawberry-jam-415g	g	699	165	<0.5	<0.1	39.7	37.5	1.6	<0.5	0.10	2026-10-10	5
skippy-peanut-butter-smooth-340g	g	2563	618	50		14		5.7	26	1	2026-10-10	5
stamford-street-co-chocolate-spread-400g	g	2343	562	36.0	8.5	56.0	49.0	2.5	2.3	0.09	2026-10-10	5
stute-no-sugar-strawberry-extra-jam-430g	g	641	154	<0.5	<0.5	59	2.4		<0.5	<0.5	2026-10-10	5
vegemite-yeast-extract-220g	g	729	174	0.9	<0.5	11.1	2.4	8.4	25.9	8.4	2026-10-10	5
whole-earth-organic-smooth-peanut-butter-340g	g	2603	628	51.2	13.7	13.7	5.2	4.9	25.6	1	2026-10-10	5
sainsburys-strawberry-conserve-so-organic-340g	g	1031	243	<0.5	0.1	58.9	55.2	1.4	<0.5	0.05	2026-10-10	5
rowse-dark-rich-honey-340g	g	1398	329	0.5	<0.5	81.5	80.8	0.5	0.5	<0.5	2026-10-10	5
rowse-manuka-100-mgo-225g	g	1477	348	<0.5	<0.5	86.9	85.9		<0.5	<0.5	2026-10-10	5
rowse-organic-honey-340g	g	1398	329	0.5	<0.5	81.5	80.8	0.5	0.5	<0.5	2026-10-10	5
rowse-set-honey-340g	g	1398	329	0.5	<0.5	81.5	80.8	0.5	0.5	<0.5	2026-10-10	5
sainsburys-spanish-forest-honey-taste-the-difference-340g	g	1398	329	<0.5	0.2	81.5	80.8	<0.5	<0.5	0.03	2026-10-10	5
sainsburys-set-honey-so-organic-340g	g	1398	329	<0.5	0.2	81.5	80.8	<0.5	<0.5	0.03	2026-10-10	5
rowse-runny-honey-1-36kg	g	1398	329	0.5	<0.5	81.5	80.8	0.5	0.5	<0.5	2026-10-10	5
tracklements-recipe-no-20-fresh-chilli-jam-210g	g	1057	250	<0.1	<0.1	60	59		1.1	<0.5	2026-10-10	5
lucky-me-60g-philippine-lemon-kalamansi-flavour-pancit-canton-chow-mein-noodles	g	1910	456	20	11	56	2.1	3.1	11	3.5	2026-10-10	5
the-spice-tailor-200g-pho-noodle-kit	g:as prepared	239	57	1.1	<0.5	5.1	0.7	1.4	5.9	0.7	2026-10-10	5
barilla-pasta-tortiglioni-500g	g	1521	359	2	0.5	71	3.5	3	13	<0.5	2026-10-10	5
de-cecco-fusilli-pasta-500g	g	1490	351	1.5		69		2.9	14	<0.1	2026-10-10	5
de-cecco-tortiglioni-pasta-500g	g	1490	351	1.5		69	3.4	2.9	14	<0.1	2026-10-10	5
napolina-rigatoni-pasta-500g	g:uncooked	1508	356	1.5	<0.5	72	3	3	12	<0.5	2026-10-10	5
sainsburys-casarecce-pasta-taste-the-difference-500g	g:cooked	753	178	0.9	0.3	34.6	1.2	2.1	6.8	<0.01	2026-10-10	5
sainsburys-fusilli-pasta-3kg	g	695	164	0.7	0.2	33.2	0.7	1.5	5.5	<0.01	2026-10-10	5
sainsburys-italian-rigatoni-tubes-pasta-500g	g	696	164	0.7	0.2	33.2	0.7	1.5	5.5	<0.01	2026-10-10	5
sainsburys-macaroni-pasta-500g	g	696	164	0.7	0.2	33.2	0.7	1.5	5.5	<0.01	2026-10-10	5
sainsburys-pappardelle-pasta-taste-the-difference-500g	g:cooked	701	165	0.6	0.2	32.2	0.6	1.9	6.8	<0.01	2026-10-10	5
sainsburys-quick-cook-penne-pasta-500g	g	696	164	0.7	0.2	33.2	0.7	1.5	5.5	<0.01	2026-10-10	5
sainsburys-spirali-pasta-500g	g	696	164	0.7	0.2	33.2	0.7	1.5	5.5	<0.01	2026-10-10	5
sainsburys-wholewheat-fusilli-pasta-1kg	g:cooked	753	178	1.2	0.3	33.6	0.9	4.5	6.0	0.01	2026-10-10	5
sainsburys-free-from-spaghetti-pasta-500g	g:cooked	773	182	1.0	0.3	39.3	<0.5	0.8	3.6	<0.01	2026-10-10	5
sainsburys-red-lentil-penne-pasta-250g	g:cooked	674	159	0.8	0.2	23.8	0.6	3.6	12.4	<0.01	2026-10-10	5
freee-gluten-free-pasta-brown-rice-fusilli-400g	g	1481	350	2.8	0.7	72	0.8	3.2	7.5	<0.1	2026-10-10	5
ankara-risoni-pasta-500g	g	1.6	357	1.7	<0.5	73.3	2.5	2.9	10.7	<0.5	2026-10-10	5
ainsley-harriott-moroccan-medley-cous-cous-100g	g:avg quantity as made up	592	140	1.1	0.6	26	3.4	2.4	5.4	0.7	2026-10-10	5
merchant-gourmet-zingy-korean-style-grains-250g	g	669	159	2.8	0.5	25	2.4	4.2	6.4	0.5	2026-10-10	5
sainsburys-roasted-vegetable-couscous-110g	g:cooked	638	151	1.4	0.5	29.2	1.9	1.5	4.5	0.36	2026-10-10	5
ben-s-original-chinese-style-microwave-rice-220g	g	684	162	2.5	<0.5	31	0.9	1.3	3.3	0.5	2026-10-10	5
ben-s-original-jasmine-microwave-rice-220g	g	775	183	1.7	<0.5	38	0.5	0.5	4.2	<0.5	2026-10-10	5
ben-s-original-smokey-bbq-microwave-rice-220g	g	751	178	3	<0.5	33	2.1	1.4	3.7	0.5	2026-10-10	5
bens-original-basmati-microwave-rice-family-pack-450g	g	597	141	1.3	<0.5	29	0.5	0.5	3.3	<0.5	2026-10-10	5
fullgreen-riced-cauliflower-200g	g:serving	84	20	<0.5	<0.1	4	1	2.5	1.5	<0.5	2026-10-10	5
merchant-gourmet-mango-chilli-lime-wholegrain-white-microwave-rice-250g	g	718	170	2	<0.5	34	5.4	2.2	2.6	0.6	2026-10-10	5
sainsburys-arborio-risotto-rice-500g	g:cooked	620	146	<0.5	<0.1	32.2	<0.5	<0.5	3.2	<0.01	2026-10-10	5
sainsburys-boil-in-the-bag-basmati-rice-4x125g	g:cooked	529	125	0.7	0.2	26.5	<0.5	0.6	2.8	<0.01	2026-10-10	5
sainsburys-brown-rice-500g	g:cooked	603	142	0.9	0.2	29.2	<0.5	1.5	3.6	<0.01	2026-10-10	5
sainsburys-easy-cook-long-grain-white-rice-2kg	g:cooked	595	140	<0.5	<0.1	31.1	<0.5	<0.5	2.8	0.03	2026-10-10	5
sainsburys-korean-style-spicy-rice-limited-edition-250g	g:cooked	691	163	1.7	0.3	32.9	2.7	2.4	2.9	0.40	2026-10-10	5
sainsburys-microwave-rice-brown-basmati-250g	g:cooked	562	133	1.4	0.2	24.4	<0.5	5.1	3.2	0.14	2026-10-10	5
stamford-street-co-white-rice-1kg	g:cooked	595	140	<0.5	<0.1	31.1	<0.5	<0.5	2.8	0.03	2026-10-10	5
tilda-boil-in-bag-easy-cook-long-grain-rice-250g	g:uncooked	1494	352	1		77		1.7	8	<0.5	2026-10-10	5
tilda-easy-meals-280g-broccoli-lemon-risotto	g	564	134	3.9	1	21	0.7	1.2	2.9	1	2026-10-10	5
tilda-microwave-caribbean-basmati-rice-and-peas-250g	g	543	129	4	2.3	19	1	2.2	3.2	<0.5	2026-10-10	5
tilda-microwave-rice-classics-sticky-250g	g	738	174	1	<0.5	37.6	<0.1	1.1	3.1	<0.5	2026-10-10	5
tilda-microwave-rice-pilau-basmati-250g	g	543	128	1.8	<0.5	24.8	<0.5	0.9	2.8	0.5	2026-10-10	5
tilda-microwave-rice-wholegrain-basmati-250g	g	545	129	2.1	0.5	23.3	<0.5	3	2.8	<0.5	2026-10-10	5
tilda-pure-basmati-rice-2kg	g:dryuncooked rice	1491	351	0.8		77.7		1	7.8	<0.5	2026-10-10	5
tilda-wholegrain-pilau-rice-250g	g	572	136	3.1	0.5	22.6	<0.5	3	2.9	<0.5	2026-10-10	5
veetee-heat-eat-sticky-rice-pots-x2-260g	g	644	152	1.8		31.7			2.3	<0.5	2026-10-10	5
veetee-perfectly-steam-filtered-2-x-125g-thai-lime-herb-rice	g	662	156	0.9		33.3			3.4	0.5	2026-10-10	5
akash-gold-aged-basmati-rice-2kg	g:uncooked	1489	351	0.6		78.6		0.9	7.3	<0.5	2026-10-10	5
laila-basmati-rice-10kg	g	1593	375	0.5	<0.5	84	0.5		8.1	<0.5	2026-10-10	5
tilda-fragrant-jasmine-rice-500g	g:dry  uncooked rice	1481	349	0.6		77.6		0.9	7.9	<0.5	2026-10-10	5
tropical-sun-golden-sella-pure-basmati-rice-5kg	g:uncooked	1451	345	<0.5	<0.1	78	0.5	6.5	7.2	<0.5	2026-10-10	5
billington-s-golden-granulated-sugar-1kg	g	1690	399	<0.1	<0.1	100	100		<0.1	<0.5	2026-10-10	5
buckwud-organic-intense-canadian-maple-syrup-250g	g	1150	271	0.5	<0.5	65	61	0.5	0.5	<0.5	2026-10-10	5
haliborange-omega-3-dha-brain-support-orange-flavoured-syrup-3-12-years-300ml	?										2026-10-10	5
maple-crest-maple-syrup-250g	g	1150	271	0.5	<0.5	65	61	0.5	0.5	<0.5	2026-10-10	5
sainsburys-fairtrade-dark-soft-brown-sugar-1kg	g	1702	400	<0.5	<0.1	100.0	100.0	<0.5	<0.5	0.08	2026-10-10	5
sainsburys-fairtrade-golden-granulated-sugar-1kg	g	1702	400	<0.5	<0.1	100.0	100.0	<0.5	<0.5	0.08	2026-10-10	5
sainsburys-sucralose-sweetener-75g	g	1657	390	0.7	0.3	95.5	7.2		<0.5	0.03	2026-10-10	5
silver-spoon-caster-sugar-1kg	g	1700	400	<0.1	<0.1	100	100		<0.1	<0.1	2026-10-10	5
splenda-minis-zero-calorie-sweetener-tablets-500	g	979	231	<0.5	<0.5	55.4	53.5	1.8	0.9	<0.5	2026-10-10	5
truvia-sweetener-0-calorie-from-stevia-leaf-tablets-100x5g	g	1198	283	1		64			2.7	<0.5	2026-10-10	5
lyle-s-golden-syrup-454g	g	1380	325	<0.1	<0.1	80.5	80.5		0.5	0.9	2026-10-10	5
tate-lyle-fairtrade-pure-cane-preserving-sugar-1kg	g	1700	400	<0.1	<0.1	100	100		<0.1		2026-10-10	5
all-dressed-up-250ml-tahini-lime	g	1872	453	43	4	8.4	7.8		6	2.6	2026-10-10	5
belazu-balsamic-vinegar-of-modena-250ml	ml	1501	353	<0.1	<0.1	83	81	<0.1	<0.5	<0.5	2026-10-10	5
bonne-maman-violet-fig-with-shallot-chutney-210g	g	680	160	<0.5	<0.1	38	38	2.1	0.6	<0.5	2026-10-10	5
branston-small-chunk-pickle-720g	g	653	159	0.8	<0.5	35	29	1.7	0.6	3.9	2026-10-10	5
brewdog-lost-lager-patriot-mustard-240ml	ml	805	194	15	1.4	12	6.1	2.7	2.9	1.3	2026-10-10	5
colman-s-bramley-apple-sauce-155g	g:unprepared	496	115	0.5	<0.5	28	26	1.6	0.5	<0.5	2026-10-10	5
colman-s-seafood-sauce-155g	g:unprepared	1155	271	21	1.7	21	18	0.5	0.8	1.6	2026-10-10	5
dine-200g-peppercorn-sauce	g	351	84	5.4	2.1	8	2.7	0.6	0.7	0.9	2026-10-10	5
encona-west-indian-hot-pepper-sauce-142ml	ml	86	21	0.9	<0.5	1.1	0.7		0.9	7.8	2026-10-10	5
french-s-226g-american-classic-yellow-squeezy-mustard	ml	263	64	3.9	<0.5	1.5	0.5	4.1	3.7	3.1	2026-10-10	5
heinz-400ml-chipotle-mayonnaise-sauce	g	2050	497	51	6.2	7.5	4.5		0.8	1.5	2026-10-10	5
heinz-american-style-mild-yellow-mustard-445g	g	429	102	4.6	<0.5	5.8	5.4		5.2	2.5	2026-10-10	5
heinz-pickle-flavour-tomato-ketchup-400ml	g	435	102	<0.5	<0.51	23	23		1.2	1.8	2026-10-10	5
heinz-salad-cream-light-605g	g	909	218	16.3	1.4	15.3	10.1		1.4	1.5	2026-10-10	5
heinz-seriously-good-light-mayonnaise-815g	g	1105	266	26	2.1	7.8	3	<0.1	0.6	1.7	2026-10-10	5
heinz-sweet-bbq-sauce-500g	g	765	181	<0.5	<0.1	44	39		0.9	1.1	2026-10-10	5
heinz-tomato-ketchup-700g	g	435	102	<0.5	<0.5	23.2	22.8	<0.1	1.2	1.8	2026-10-10	5
hellmann-s-430ml-creamy-ranch-mayo-sauce	g:unprepared	1329	318	31	3.1	7.6	4	0.5	1.9	1.5	2026-10-10	5
hellmann-s-light-mayonnaise-400g	g:unprepared	1113	266	26	2.6	6.1	2.3	0.5	0.5	1.7	2026-10-10	5
hellmann-s-lighter-than-light-squeezy-mayonnaise-430ml	g:unprepared	408	98	6	0.9	9.4	4.2	0.6	0.7	1.6	2026-10-10	5
hellmann-s-real-mayonnaise-400g	g:unprepared	3011	720	79	6.1	1.4	1.3	0.5	1.1	1.2	2026-10-10	5
hellmann-s-real-squeezy-mayonnaise-750ml	g:unprepared	3034	725	79	6.2	1.4	1.3	0.5	1.1	1.2	2026-10-10	5
hp-classic-bbq-sauce-465g	g	563	133	<0.5	<0.5	31.5	25.5	<0.1	0.5	1.4	2026-10-10	5
lea-perrins-worcester-sauce-150ml	ml	405	96	0.9	<0.5	21	18.8		0.8	2.9	2026-10-10	5
levi-roots-reggae-reggae-jerk-bbq-sauce-330g	g	579	137	<0.5	<0.1	33	30		0.5	1.1	2026-10-10	5
maille-wholegrain-mustard-210g	g:unprepared	660	158	9.3	0.7	4	3.3	8.5	7	5	2026-10-10	5
mrs-elswood-300g-classic-kimchi	g	147	35	0.6	<0.5	4.4	0.8	2.1	2	1.6	2026-10-10	5
nando-s-hot-perinaise-peri-peri-mayonnaise-465g	g:average quantity	1337	323	30	2.5	13	12		0.7	2.8	2026-10-10	5
nando-s-perinaise-garlic-peri-peri-mayonnaise-265g	g:average quantity	1235	298	25	2.3	16	9.6		0.5	2.8	2026-10-10	5
